游戏编号,游戏,别名,实装时间,更新时间,数据时间,开服时间
11,Rotaeno,方向盘,2026/3/22 0:00,2026/3/27 0:00,2026/3/19,
12,Paradigm: Reboot,范式起源,2026/3/22 0:00,2026/3/27 0:00,2026/3/6 0:00,
13,Phigros,屁股肉,2026/3/22 0:00,2026/3/27 0:00,2026/3/6 0:00,
14,Orzmic,,2026/3/22 0:00,2026/3/27 0:00,2026/3/31 0:00,
15,Rizline,日子线,2026/3/22 0:00,2026/3/27 0:00,2026/3/13 0:00,
21,maimai,舞萌,2026/3/27 0:00,2026/3/27 0:00,2026/3/19,
22,CHUNITHM,中二节奏,2026/3/27 0:00,2026/3/27 0:00,2026/3/19,
23,O.N.G.E.K.I.,ongeki,2026/3/27 0:00,2026/3/27 0:00,2025/2/6,
24,Arcaea,arc,2026/3/27 0:00,2026/3/27 0:00,2026/3/9,
32,WACCA,华卡,2026/3/27 0:00,2026/3/27 0:00,2022/7/1,
33,Groove Coaster,GC,2026/3/27 0:00,2026/3/27 0:00,2022/11/23,
51,Vivid/Statis,,2026/4/2 0:00,,,
52,TAKUMI³,,2026/4/2 0:00,,,
53,Liminality,,2026/4/2 0:00,,,
54,SHINOBI SLASH,,2026/4/2 0:00,,,
55,Milthm,,2026/4/2 0:00,,,
56,Berry Melody,,2026/4/2 0:00,,,
57,Deemo II,,2026/4/2 0:00,,,
58,Notanote,,2026/4/2 0:00,,,
59,VOEZ,,2026/4/2 0:00,,,
91,osu! World Cup,OWC,2026/4/2 0:00,,,
92,osu!catch World Cup,CWC,2026/4/2 0:00,,,
93,osu!taiko World Cup,TWC,2026/4/2 0:00,,,
94,osu!mania 4K World Cup,MWC4K,2026/4/2 0:00,,,
95,osu!mania 7K World Cup,MWC7K,2026/4/2 0:00,,,
