rel_id,游戏编号,song_id,收录版本,收录时间,最新更新时间
110001_Rotaeno_20240530,Rotaeno,110001,,2024-05-30,2026-03-24 15:58:18
110002_Rotaeno_20250127,Rotaeno,110002,,2025-01-27,2026-03-24 15:58:18
110003_Rotaeno_20240829,Rotaeno,110003,,2024-08-29,2026-03-24 15:58:18
110004_Rotaeno_20230116,Rotaeno,110004,,2023-01-16,2026-03-24 15:58:18
110005_Rotaeno_20241205,Rotaeno,110005,,2024-12-05,2026-03-24 15:58:18
110006_Rotaeno_20241001,Rotaeno,110006,,2024-10-01,2026-03-24 15:58:18
110007_Rotaeno_20240307,Rotaeno,110007,,2024-03-07,2026-03-24 15:58:18
110008_Rotaeno_20240117,Rotaeno,110008,,2024-01-17,2026-03-24 15:58:18
110009_Rotaeno_20230228,Rotaeno,110009,,2023-02-28,2026-03-24 15:58:18
110010_Rotaeno_20241031,Rotaeno,110010,,2024-10-31,2026-03-24 15:58:18
110011_Rotaeno_20240530,Rotaeno,110011,,2024-05-30,2026-03-24 15:58:18
110012_Rotaeno_20231019,Rotaeno,110012,,2023-10-19,2026-03-24 15:58:18
110013_Rotaeno_20240418,Rotaeno,110013,,2024-04-18,2026-03-24 15:58:18
110014_Rotaeno_20231226,Rotaeno,110014,,2023-12-26,2026-03-24 15:58:18
110015_Rotaeno_20231205,Rotaeno,110015,,2023-12-05,2026-03-24 15:58:18
110016_Rotaeno_20231019,Rotaeno,110016,,2023-10-19,2026-03-24 15:58:18
110017_Rotaeno_20230705,Rotaeno,110017,,2023-07-05,2026-03-24 15:58:18
110018_Rotaeno_20240829,Rotaeno,110018,,2024-08-29,2026-03-24 15:58:18
110019_Rotaeno_20240307,Rotaeno,110019,,2024-03-07,2026-03-24 15:58:18
110020_Rotaeno_20240829,Rotaeno,110020,,2024-08-29,2026-03-24 15:58:18
110021_Rotaeno_20250127,Rotaeno,110021,,2025-01-27,2026-03-24 15:58:18
110022_Rotaeno_20240418,Rotaeno,110022,,2024-04-18,2026-03-24 15:58:18
110023_Rotaeno_20241031,Rotaeno,110023,,2024-10-31,2026-03-24 15:58:18
110024_Rotaeno_20230228,Rotaeno,110024,,2023-02-28,2026-03-24 15:58:18
110025_Rotaeno_20221019,Rotaeno,110025,,2022-10-19,2026-03-24 15:58:18
110026_Rotaeno_20250127,Rotaeno,110026,,2025-01-27,2026-03-24 15:58:18
110027_Rotaeno_20231019,Rotaeno,110027,,2023-10-19,2026-03-24 15:58:18
110028_Rotaeno_20240418,Rotaeno,110028,,2024-04-18,2026-03-24 15:58:18
110029_Rotaeno_20240530,Rotaeno,110029,,2024-05-30,2026-03-24 15:58:18
110030_Rotaeno_20221101,Rotaeno,110030,,2022-11-01,2026-03-24 15:58:18
110031_Rotaeno_20230530,Rotaeno,110031,,2023-05-30,2026-03-24 15:58:18
110032_Rotaeno_20221125,Rotaeno,110032,,2022-11-25,2026-03-24 15:58:18
110033_Rotaeno_20221019,Rotaeno,110033,,2022-10-19,2026-03-24 15:58:18
110034_Rotaeno_20221019,Rotaeno,110034,,2022-10-19,2026-03-24 15:58:18
110035_Rotaeno_20230407,Rotaeno,110035,,2023-04-07,2026-03-24 15:58:18
110036_Rotaeno_20220613,Rotaeno,110036,,2022-06-13,2026-03-24 15:58:18
110037_Rotaeno_20241001,Rotaeno,110037,,2024-10-01,2026-03-24 15:58:18
110038_Rotaeno_20230705,Rotaeno,110038,,2023-07-05,2026-03-24 15:58:18
110039_Rotaeno_20231205,Rotaeno,110039,,2023-12-05,2026-03-24 15:58:18
110040_Rotaeno_20221125,Rotaeno,110040,,2022-11-25,2026-03-24 15:58:18
110041_Rotaeno_20230228,Rotaeno,110041,,2023-02-28,2026-03-24 15:58:18
110042_Rotaeno_20220530,Rotaeno,110042,,2022-05-30,2026-03-24 15:58:18
110043_Rotaeno_20221019,Rotaeno,110043,,2022-10-19,2026-03-24 15:58:18
110044_Rotaeno_20230228,Rotaeno,110044,,2023-02-28,2026-03-24 15:58:18
110045_Rotaeno_20230830,Rotaeno,110045,,2023-08-30,2026-03-24 15:58:18
110046_Rotaeno_20240418,Rotaeno,110046,,2024-04-18,2026-03-24 15:58:18
110047_Rotaeno_20250127,Rotaeno,110047,,2025-01-27,2026-03-24 15:58:18
110048_Rotaeno_20241205,Rotaeno,110048,,2024-12-05,2026-03-24 15:58:18
110049_Rotaeno_20240718,Rotaeno,110049,,2024-07-18,2026-03-24 15:58:18
110050_Rotaeno_20231205,Rotaeno,110050,,2023-12-05,2026-03-24 15:58:18
110051_Rotaeno_20221125,Rotaeno,110051,,2022-11-25,2026-03-24 15:58:18
110052_Rotaeno_20241001,Rotaeno,110052,,2024-10-01,2026-03-24 15:58:18
110053_Rotaeno_20230116,Rotaeno,110053,,2023-01-16,2026-03-24 15:58:18
110054_Rotaeno_20250127,Rotaeno,110054,,2025-01-27,2026-03-24 15:58:18
110055_Rotaeno_20220811,Rotaeno,110055,,2022-08-11,2026-03-24 15:58:18
110056_Rotaeno_20230116,Rotaeno,110056,,2023-01-16,2026-03-24 15:58:18
110057_Rotaeno_20220530,Rotaeno,110057,,2022-05-30,2026-03-24 15:58:18
110058_Rotaeno_20231019,Rotaeno,110058,,2023-10-19,2026-03-24 15:58:18
110059_Rotaeno_20240117,Rotaeno,110059,,2024-01-17,2026-03-24 15:58:18
110060_Rotaeno_20230116,Rotaeno,110060,,2023-01-16,2026-03-24 15:58:18
110061_Rotaeno_20230530,Rotaeno,110061,,2023-05-30,2026-03-24 15:58:18
110062_Rotaeno_20240530,Rotaeno,110062,,2024-05-30,2026-03-24 15:58:18
110063_Rotaeno_20230407,Rotaeno,110063,,2023-04-07,2026-03-24 15:58:18
110064_Rotaeno_20241205,Rotaeno,110064,,2024-12-05,2026-03-24 15:58:18
110065_Rotaeno_20221019,Rotaeno,110065,,2022-10-19,2026-03-24 15:58:18
110066_Rotaeno_20240718,Rotaeno,110066,,2024-07-18,2026-03-24 15:58:18
110067_Rotaeno_20220811,Rotaeno,110067,,2022-08-11,2026-03-24 15:58:18
110068_Rotaeno_20240808,Rotaeno,110068,,2024-08-08,2026-03-24 15:58:18
110069_Rotaeno_20240117,Rotaeno,110069,,2024-01-17,2026-03-24 15:58:18
110070_Rotaeno_20240829,Rotaeno,110070,,2024-08-29,2026-03-24 15:58:18
110071_Rotaeno_20230407,Rotaeno,110071,,2023-04-07,2026-03-24 15:58:18
110072_Rotaeno_20240530,Rotaeno,110072,,2024-05-30,2026-03-24 15:58:18
110073_Rotaeno_20230116,Rotaeno,110073,,2023-01-16,2026-03-24 15:58:18
110074_Rotaeno_20240208,Rotaeno,110074,,2024-02-08,2026-03-24 15:58:18
110075_Rotaeno_20230530,Rotaeno,110075,,2023-05-30,2026-03-24 15:58:18
110076_Rotaeno_20240117,Rotaeno,110076,,2024-01-17,2026-03-24 15:58:18
110077_Rotaeno_20240102,Rotaeno,110077,,2024-01-02,2026-03-24 15:58:18
110078_Rotaeno_20250102,Rotaeno,110078,,2025-01-02,2026-03-24 15:58:18
110079_Rotaeno_20231019,Rotaeno,110079,,2023-10-19,2026-03-24 15:58:18
110080_Rotaeno_20250127,Rotaeno,110080,,2025-01-27,2026-03-24 15:58:18
110081_Rotaeno_20230830,Rotaeno,110081,,2023-08-30,2026-03-24 15:58:18
110082_Rotaeno_20241001,Rotaeno,110082,,2024-10-01,2026-03-24 15:58:18
110083_Rotaeno_20240530,Rotaeno,110083,,2024-05-30,2026-03-24 15:58:18
110084_Rotaeno_20230830,Rotaeno,110084,,2023-08-30,2026-03-24 15:58:18
110085_Rotaeno_20240530,Rotaeno,110085,,2024-05-30,2026-03-24 15:58:18
110086_Rotaeno_20240307,Rotaeno,110086,,2024-03-07,2026-03-24 15:58:18
110087_Rotaeno_20220606,Rotaeno,110087,,2022-06-06,2026-03-24 15:58:18
110088_Rotaeno_20241031,Rotaeno,110088,,2024-10-31,2026-03-24 15:58:18
110089_Rotaeno_20220530,Rotaeno,110089,,2022-05-30,2026-03-24 15:58:18
110090_Rotaeno_20220811,Rotaeno,110090,,2022-08-11,2026-03-24 15:58:18
110091_Rotaeno_20220704,Rotaeno,110091,,2022-07-04,2026-03-24 15:58:18
110092_Rotaeno_20230116,Rotaeno,110092,,2023-01-16,2026-03-24 15:58:18
110093_Rotaeno_20240418,Rotaeno,110093,,2024-04-18,2026-03-24 15:58:18
110094_Rotaeno_20230705,Rotaeno,110094,,2023-07-05,2026-03-24 15:58:18
110095_Rotaeno_20240307,Rotaeno,110095,,2024-03-07,2026-03-24 15:58:18
110096_Rotaeno_20240627,Rotaeno,110096,,2024-06-27,2026-03-24 15:58:18
110097_Rotaeno_20231212,Rotaeno,110097,,2023-12-12,2026-03-24 15:58:18
110098_Rotaeno_20231205,Rotaeno,110098,,2023-12-05,2026-03-24 15:58:18
110099_Rotaeno_20240530,Rotaeno,110099,,2024-05-30,2026-03-24 15:58:18
110100_Rotaeno_20241031,Rotaeno,110100,,2024-10-31,2026-03-24 15:58:18
110101_Rotaeno_20240530,Rotaeno,110101,,2024-05-30,2026-03-24 15:58:18
110102_Rotaeno_20240829,Rotaeno,110102,,2024-08-29,2026-03-24 15:58:18
110103_Rotaeno_20240530,Rotaeno,110103,,2024-05-30,2026-03-24 15:58:18
110104_Rotaeno_20220909,Rotaeno,110104,,2022-09-09,2026-03-24 15:58:18
110105_Rotaeno_20241001,Rotaeno,110105,,2024-10-01,2026-03-24 15:58:18
110106_Rotaeno_20220811,Rotaeno,110106,,2022-08-11,2026-03-24 15:58:18
110107_Rotaeno_20230116,Rotaeno,110107,,2023-01-16,2026-03-24 15:58:18
110108_Rotaeno_20230116,Rotaeno,110108,,2023-01-16,2026-03-24 15:58:18
110109_Rotaeno_20240307,Rotaeno,110109,,2024-03-07,2026-03-24 15:58:18
110110_Rotaeno_20230407,Rotaeno,110110,,2023-04-07,2026-03-24 15:58:18
110111_Rotaeno_20220704,Rotaeno,110111,,2022-07-04,2026-03-24 15:58:18
110112_Rotaeno_20240418,Rotaeno,110112,,2024-04-18,2026-03-24 15:58:18
110113_Rotaeno_20250127,Rotaeno,110113,,2025-01-27,2026-03-24 15:58:18
110114_Rotaeno_20230530,Rotaeno,110114,,2023-05-30,2026-03-24 15:58:18
110115_Rotaeno_20240530,Rotaeno,110115,,2024-05-30,2026-03-24 15:58:18
110116_Rotaeno_20240808,Rotaeno,110116,,2024-08-08,2026-03-24 15:58:18
110117_Rotaeno_20230407,Rotaeno,110117,,2023-04-07,2026-03-24 15:58:18
110118_Rotaeno_20241205,Rotaeno,110118,,2024-12-05,2026-03-24 15:58:18
110119_Rotaeno_20250127,Rotaeno,110119,,2025-01-27,2026-03-24 15:58:18
110120_Rotaeno_20240530,Rotaeno,110120,,2024-05-30,2026-03-24 15:58:18
110121_Rotaeno_20230116,Rotaeno,110121,,2023-01-16,2026-03-24 15:58:18
110122_Rotaeno_20221019,Rotaeno,110122,,2022-10-19,2026-03-24 15:58:18
110123_Rotaeno_20241031,Rotaeno,110123,,2024-10-31,2026-03-24 15:58:18
110124_Rotaeno_20230116,Rotaeno,110124,,2023-01-16,2026-03-24 15:58:18
110125_Rotaeno_20250127,Rotaeno,110125,,2025-01-27,2026-03-24 15:58:18
110126_Rotaeno_20240117,Rotaeno,110126,,2024-01-17,2026-03-24 15:58:18
110127_Rotaeno_20220704,Rotaeno,110127,,2022-07-04,2026-03-24 15:58:18
110128_Rotaeno_20240117,Rotaeno,110128,,2024-01-17,2026-03-24 15:58:18
110129_Rotaeno_20250102,Rotaeno,110129,,2025-01-02,2026-03-24 15:58:18
110130_Rotaeno_20230705,Rotaeno,110130,,2023-07-05,2026-03-24 15:58:18
110131_Rotaeno_20241031,Rotaeno,110131,,2024-10-31,2026-03-24 15:58:18
110132_Rotaeno_20241205,Rotaeno,110132,,2024-12-05,2026-03-24 15:58:18
110133_Rotaeno_20241001,Rotaeno,110133,,2024-10-01,2026-03-24 15:58:18
110134_Rotaeno_20241031,Rotaeno,110134,,2024-10-31,2026-03-24 15:58:18
110135_Rotaeno_20220530,Rotaeno,110135,,2022-05-30,2026-03-24 15:58:18
110136_Rotaeno_20220909,Rotaeno,110136,,2022-09-09,2026-03-24 15:58:18
110137_Rotaeno_20220530,Rotaeno,110137,,2022-05-30,2026-03-24 15:58:18
110138_Rotaeno_20231019,Rotaeno,110138,,2023-10-19,2026-03-24 15:58:18
110139_Rotaeno_20231019,Rotaeno,110139,,2023-10-19,2026-03-24 15:58:18
110140_Rotaeno_20220530,Rotaeno,110140,,2022-05-30,2026-03-24 15:58:18
110141_Rotaeno_20240530,Rotaeno,110141,,2024-05-30,2026-03-24 15:58:18
110142_Rotaeno_20240307,Rotaeno,110142,,2024-03-07,2026-03-24 15:58:18
110143_Rotaeno_20240718,Rotaeno,110143,,2024-07-18,2026-03-24 15:58:18
110144_Rotaeno_20240829,Rotaeno,110144,,2024-08-29,2026-03-24 15:58:18
110145_Rotaeno_20240718,Rotaeno,110145,,2024-07-18,2026-03-24 15:58:18
110146_Rotaeno_20220530,Rotaeno,110146,,2022-05-30,2026-03-24 15:58:18
110147_Rotaeno_20230830,Rotaeno,110147,,2023-08-30,2026-03-24 15:58:18
110148_Rotaeno_20220909,Rotaeno,110148,,2022-09-09,2026-03-24 15:58:18
110149_Rotaeno_20220530,Rotaeno,110149,,2022-05-30,2026-03-24 15:58:18
110150_Rotaeno_20240718,Rotaeno,110150,,2024-07-18,2026-03-24 15:58:18
110151_Rotaeno_20241205,Rotaeno,110151,,2024-12-05,2026-03-24 15:58:18
110152_Rotaeno_20220530,Rotaeno,110152,,2022-05-30,2026-03-24 15:58:18
110153_Rotaeno_20220704,Rotaeno,110153,,2022-07-04,2026-03-24 15:58:18
110154_Rotaeno_20230503,Rotaeno,110154,,2023-05-03,2026-03-24 15:58:18
110155_Rotaeno_20241205,Rotaeno,110155,,2024-12-05,2026-03-24 15:58:18
110156_Rotaeno_20230228,Rotaeno,110156,,2023-02-28,2026-03-24 15:58:18
110157_Rotaeno_20230503,Rotaeno,110157,,2023-05-03,2026-03-24 15:58:18
110158_Rotaeno_20230705,Rotaeno,110158,,2023-07-05,2026-03-24 15:58:18
110159_Rotaeno_20230116,Rotaeno,110159,,2023-01-16,2026-03-24 15:58:18
110160_Rotaeno_20230830,Rotaeno,110160,,2023-08-30,2026-03-24 15:58:18
110161_Rotaeno_20221125,Rotaeno,110161,,2022-11-25,2026-03-24 15:58:18
110162_Rotaeno_20240418,Rotaeno,110162,,2024-04-18,2026-03-24 15:58:18
110163_Rotaeno_20220530,Rotaeno,110163,,2022-05-30,2026-03-24 15:58:18
110164_Rotaeno_20240208,Rotaeno,110164,,2024-02-08,2026-03-24 15:58:18
110165_Rotaeno_20230407,Rotaeno,110165,,2023-04-07,2026-03-24 15:58:18
110166_Rotaeno_20220530,Rotaeno,110166,,2022-05-30,2026-03-24 15:58:18
110167_Rotaeno_20250127,Rotaeno,110167,,2025-01-27,2026-03-24 15:58:18
110168_Rotaeno_20241031,Rotaeno,110168,,2024-10-31,2026-03-24 15:58:18
110169_Rotaeno_20231224,Rotaeno,110169,,2023-12-24,2026-03-24 15:58:18
110170_Rotaeno_20220727,Rotaeno,110170,,2022-07-27,2026-03-24 15:58:18
110171_Rotaeno_20220704,Rotaeno,110171,,2022-07-04,2026-03-24 15:58:18
110172_Rotaeno_20240208,Rotaeno,110172,,2024-02-08,2026-03-24 15:58:18
110173_Rotaeno_20250127,Rotaeno,110173,,2025-01-27,2026-03-24 15:58:18
110174_Rotaeno_20230407,Rotaeno,110174,,2023-04-07,2026-03-24 15:58:18
110175_Rotaeno_20240530,Rotaeno,110175,,2024-05-30,2026-03-24 15:58:18
110176_Rotaeno_20240530,Rotaeno,110176,,2024-05-30,2026-03-24 15:58:18
110177_Rotaeno_20220530,Rotaeno,110177,,2022-05-30,2026-03-24 15:58:18
110178_Rotaeno_20240718,Rotaeno,110178,,2024-07-18,2026-03-24 15:58:18
110179_Rotaeno_20240530,Rotaeno,110179,,2024-05-30,2026-03-24 15:58:18
110180_Rotaeno_20240718,Rotaeno,110180,,2024-07-18,2026-03-24 15:58:18
110181_Rotaeno_20220530,Rotaeno,110181,,2022-05-30,2026-03-24 15:58:18
110182_Rotaeno_20230228,Rotaeno,110182,,2023-02-28,2026-03-24 15:58:18
110183_Rotaeno_20230407,Rotaeno,110183,,2023-04-07,2026-03-24 15:58:18
110184_Rotaeno_20250127,Rotaeno,110184,,2025-01-27,2026-03-24 15:58:18
110185_Rotaeno_20221019,Rotaeno,110185,,2022-10-19,2026-03-24 15:58:18
110186_Rotaeno_20240418,Rotaeno,110186,,2024-04-18,2026-03-24 15:58:18
110187_Rotaeno_20240208,Rotaeno,110187,,2024-02-08,2026-03-24 15:58:18
110188_Rotaeno_20230705,Rotaeno,110188,,2023-07-05,2026-03-24 15:58:18
110189_Rotaeno_20220530,Rotaeno,110189,,2022-05-30,2026-03-24 15:58:18
110190_Rotaeno_20220909,Rotaeno,110190,,2022-09-09,2026-03-24 15:58:18
110191_Rotaeno_20220530,Rotaeno,110191,,2022-05-30,2026-03-24 15:58:18
110192_Rotaeno_20220530,Rotaeno,110192,,2022-05-30,2026-03-24 15:58:18
110193_Rotaeno_20220530,Rotaeno,110193,,2022-05-30,2026-03-24 15:58:18
110194_Rotaeno_20230228,Rotaeno,110194,,2023-02-28,2026-03-24 15:58:18
110195_Rotaeno_20240530,Rotaeno,110195,,2024-05-30,2026-03-24 15:58:18
110196_Rotaeno_20240307,Rotaeno,110196,,2024-03-07,2026-03-24 15:58:18
110197_Rotaeno_20230705,Rotaeno,110197,,2023-07-05,2026-03-24 15:58:18
110198_Rotaeno_20230830,Rotaeno,110198,,2023-08-30,2026-03-24 15:58:18
110199_Rotaeno_20240530,Rotaeno,110199,,2024-05-30,2026-03-24 15:58:18
110200_Rotaeno_20241001,Rotaeno,110200,,2024-10-01,2026-03-24 15:58:18
110201_Rotaeno_20220727,Rotaeno,110201,,2022-07-27,2026-03-24 15:58:18
110202_Rotaeno_20220620,Rotaeno,110202,,2022-06-20,2026-03-24 15:58:18
110203_Rotaeno_20220909,Rotaeno,110203,,2022-09-09,2026-03-24 15:58:18
110204_Rotaeno_20230530,Rotaeno,110204,,2023-05-30,2026-03-24 15:58:18
110205_Rotaeno_20231205,Rotaeno,110205,,2023-12-05,2026-03-24 15:58:18
110206_Rotaeno_20231205,Rotaeno,110206,,2023-12-05,2026-03-24 15:58:18
110207_Rotaeno_20250127,Rotaeno,110207,,2025-01-27,2026-03-24 15:58:18
110208_Rotaeno_20221223,Rotaeno,110208,,2022-12-23,2026-03-24 15:58:18
110209_Rotaeno_20220530,Rotaeno,110209,,2022-05-30,2026-03-24 15:58:18
110210_Rotaeno_20221125,Rotaeno,110210,,2022-11-25,2026-03-24 15:58:18
110211_Rotaeno_20220530,Rotaeno,110211,,2022-05-30,2026-03-24 15:58:18
110212_Rotaeno_20220530,Rotaeno,110212,,2022-05-30,2026-03-24 15:58:18
110213_Rotaeno_20220530,Rotaeno,110213,,2022-05-30,2026-03-24 15:58:18
110214_Rotaeno_20220530,Rotaeno,110214,,2022-05-30,2026-03-24 15:58:18
110215_Rotaeno_20250127,Rotaeno,110215,,2025-01-27,2026-03-24 15:58:18
110216_Rotaeno_20220811,Rotaeno,110216,,2022-08-11,2026-03-24 15:58:18
110217_Rotaeno_20230116,Rotaeno,110217,,2023-01-16,2026-03-24 15:58:18
110218_Rotaeno_20230530,Rotaeno,110218,,2023-05-30,2026-03-24 15:58:18
110219_Rotaeno_20220530,Rotaeno,110219,,2022-05-30,2026-03-24 15:58:18
110220_Rotaeno_20221125,Rotaeno,110220,,2022-11-25,2026-03-24 15:58:18
110221_Rotaeno_20231219,Rotaeno,110221,,2023-12-19,2026-03-24 15:58:18
110222_Rotaeno_20220530,Rotaeno,110222,,2022-05-30,2026-03-24 15:58:18
110223_Rotaeno_20230530,Rotaeno,110223,,2023-05-30,2026-03-24 15:58:18
110224_Rotaeno_20220530,Rotaeno,110224,,2022-05-30,2026-03-24 15:58:18
110225_Rotaeno_20241031,Rotaeno,110225,,2024-10-31,2026-03-24 15:58:18
110226_Rotaeno_20221223,Rotaeno,110226,,2022-12-23,2026-03-24 15:58:18
110227_Rotaeno_20241001,Rotaeno,110227,,2024-10-01,2026-03-24 15:58:18
110228_Rotaeno_20220530,Rotaeno,110228,,2022-05-30,2026-03-24 15:58:18
110229_Rotaeno_20220530,Rotaeno,110229,,2022-05-30,2026-03-24 15:58:18
110230_Rotaeno_20230116,Rotaeno,110230,,2023-01-16,2026-03-24 15:58:18
110231_Rotaeno_20220530,Rotaeno,110231,,2022-05-30,2026-03-24 15:58:18
110232_Rotaeno_20220530,Rotaeno,110232,,2022-05-30,2026-03-24 15:58:18
110233_Rotaeno_20230830,Rotaeno,110233,,2023-08-30,2026-03-24 15:58:18
110234_Rotaeno_20240718,Rotaeno,110234,,2024-07-18,2026-03-24 15:58:18
110235_Rotaeno_20230530,Rotaeno,110235,,2023-05-30,2026-03-24 15:58:18
110236_Rotaeno_20240530,Rotaeno,110236,,2024-05-30,2026-03-24 15:58:18
110237_Rotaeno_20220530,Rotaeno,110237,,2022-05-30,2026-03-24 15:58:18
110238_Rotaeno_20240117,Rotaeno,110238,,2024-01-17,2026-03-24 15:58:18
110239_Rotaeno_20220530,Rotaeno,110239,,2022-05-30,2026-03-24 15:58:18
110240_Rotaeno_20240208,Rotaeno,110240,,2024-02-08,2026-03-24 15:58:18
110241_Rotaeno_20240307,Rotaeno,110241,,2024-03-07,2026-03-24 15:58:18
110242_Rotaeno_20240530,Rotaeno,110242,,2024-05-30,2026-03-24 15:58:18
110243_Rotaeno_20220530,Rotaeno,110243,,2022-05-30,2026-03-24 15:58:18
110244_Rotaeno_20220530,Rotaeno,110244,,2022-05-30,2026-03-24 15:58:18
110245_Rotaeno_20220530,Rotaeno,110245,,2022-05-30,2026-03-24 15:58:18
110246_Rotaeno_20220530,Rotaeno,110246,,2022-05-30,2026-03-24 15:58:18
110247_Rotaeno_20240808,Rotaeno,110247,,2024-08-08,2026-03-24 15:58:18
110248_Rotaeno_20250102,Rotaeno,110248,,2025-01-02,2026-03-24 15:58:18
110249_Rotaeno_20220530,Rotaeno,110249,,2022-05-30,2026-03-24 15:58:18
110250_Rotaeno_20220530,Rotaeno,110250,,2022-05-30,2026-03-24 15:58:18
110251_Rotaeno_20220909,Rotaeno,110251,,2022-09-09,2026-03-24 15:58:18
110252_Rotaeno_20220909,Rotaeno,110252,,2022-09-09,2026-03-24 15:58:18
120001_Paradigm: Reboot_20221208,Paradigm: Reboot,120001,,2022-12-08,2026-03-24 15:58:18
120002_Paradigm: Reboot_20221208,Paradigm: Reboot,120002,,2022-12-08,2026-03-24 15:58:18
120003_Paradigm: Reboot_20221208,Paradigm: Reboot,120003,,2022-12-08,2026-03-24 15:58:18
120004_Paradigm: Reboot_20221208,Paradigm: Reboot,120004,,2022-12-08,2026-03-24 15:58:18
120005_Paradigm: Reboot_20221208,Paradigm: Reboot,120005,,2022-12-08,2026-03-24 15:58:18
120006_Paradigm: Reboot_20221208,Paradigm: Reboot,120006,,2022-12-08,2026-03-24 15:58:18
120007_Paradigm: Reboot_20221208,Paradigm: Reboot,120007,,2022-12-08,2026-03-24 15:58:18
120008_Paradigm: Reboot_20221208,Paradigm: Reboot,120008,,2022-12-08,2026-03-24 15:58:18
120009_Paradigm: Reboot_20221208,Paradigm: Reboot,120009,,2022-12-08,2026-03-24 15:58:18
120010_Paradigm: Reboot_20221208,Paradigm: Reboot,120010,,2022-12-08,2026-03-24 15:58:18
120011_Paradigm: Reboot_20221208,Paradigm: Reboot,120011,,2022-12-08,2026-03-24 15:58:18
120012_Paradigm: Reboot_20221208,Paradigm: Reboot,120012,,2022-12-08,2026-03-24 15:58:18
120013_Paradigm: Reboot_20221208,Paradigm: Reboot,120013,,2022-12-08,2026-03-24 15:58:18
120014_Paradigm: Reboot_20221208,Paradigm: Reboot,120014,,2022-12-08,2026-03-24 15:58:18
120015_Paradigm: Reboot_20221208,Paradigm: Reboot,120015,,2022-12-08,2026-03-24 15:58:18
120016_Paradigm: Reboot_20221208,Paradigm: Reboot,120016,,2022-12-08,2026-03-24 15:58:18
120017_Paradigm: Reboot_20221208,Paradigm: Reboot,120017,,2022-12-08,2026-03-24 15:58:18
120018_Paradigm: Reboot_20221208,Paradigm: Reboot,120018,,2022-12-08,2026-03-24 15:58:18
120019_Paradigm: Reboot_20221208,Paradigm: Reboot,120019,,2022-12-08,2026-03-24 15:58:18
120020_Paradigm: Reboot_20221208,Paradigm: Reboot,120020,,2022-12-08,2026-03-24 15:58:18
120021_Paradigm: Reboot_20221208,Paradigm: Reboot,120021,,2022-12-08,2026-03-24 15:58:18
120022_Paradigm: Reboot_20221208,Paradigm: Reboot,120022,,2022-12-08,2026-03-24 15:58:18
120023_Paradigm: Reboot_20221208,Paradigm: Reboot,120023,,2022-12-08,2026-03-24 15:58:18
120024_Paradigm: Reboot_20221208,Paradigm: Reboot,120024,,2022-12-08,2026-03-24 15:58:18
120025_Paradigm: Reboot_20221208,Paradigm: Reboot,120025,,2022-12-08,2026-03-24 15:58:18
120026_Paradigm: Reboot_20221208,Paradigm: Reboot,120026,,2022-12-08,2026-03-24 15:58:18
120027_Paradigm: Reboot_20221208,Paradigm: Reboot,120027,,2022-12-08,2026-03-24 15:58:18
120028_Paradigm: Reboot_20221208,Paradigm: Reboot,120028,,2022-12-08,2026-03-24 15:58:18
120029_Paradigm: Reboot_20221208,Paradigm: Reboot,120029,,2022-12-08,2026-03-24 15:58:18
120030_Paradigm: Reboot_20221208,Paradigm: Reboot,120030,,2022-12-08,2026-03-24 15:58:18
120031_Paradigm: Reboot_20221208,Paradigm: Reboot,120031,,2022-12-08,2026-03-24 15:58:18
120032_Paradigm: Reboot_20221208,Paradigm: Reboot,120032,,2022-12-08,2026-03-24 15:58:18
120033_Paradigm: Reboot_20221208,Paradigm: Reboot,120033,,2022-12-08,2026-03-24 15:58:18
120034_Paradigm: Reboot_20221208,Paradigm: Reboot,120034,,2022-12-08,2026-03-24 15:58:18
120035_Paradigm: Reboot_20221208,Paradigm: Reboot,120035,,2022-12-08,2026-03-24 15:58:18
120036_Paradigm: Reboot_20221208,Paradigm: Reboot,120036,,2022-12-08,2026-03-24 15:58:18
120037_Paradigm: Reboot_20221208,Paradigm: Reboot,120037,,2022-12-08,2026-03-24 15:58:18
120038_Paradigm: Reboot_20221208,Paradigm: Reboot,120038,,2022-12-08,2026-03-24 15:58:18
120039_Paradigm: Reboot_20221208,Paradigm: Reboot,120039,,2022-12-08,2026-03-24 15:58:18
120040_Paradigm: Reboot_20221208,Paradigm: Reboot,120040,,2022-12-08,2026-03-24 15:58:18
120041_Paradigm: Reboot_20221208,Paradigm: Reboot,120041,,2022-12-08,2026-03-24 15:58:18
120042_Paradigm: Reboot_20221208,Paradigm: Reboot,120042,,2022-12-08,2026-03-24 15:58:18
120043_Paradigm: Reboot_20230103,Paradigm: Reboot,120043,,2023-01-03,2026-03-24 15:58:18
120044_Paradigm: Reboot_20230103,Paradigm: Reboot,120044,,2023-01-03,2026-03-24 15:58:18
120045_Paradigm: Reboot_20230116,Paradigm: Reboot,120045,,2023-01-16,2026-03-24 15:58:18
120046_Paradigm: Reboot_20230116,Paradigm: Reboot,120046,,2023-01-16,2026-03-24 15:58:18
120047_Paradigm: Reboot_20230116,Paradigm: Reboot,120047,,2023-01-16,2026-03-24 15:58:18
120048_Paradigm: Reboot_20230116,Paradigm: Reboot,120048,,2023-01-16,2026-03-24 15:58:18
120049_Paradigm: Reboot_20230303,Paradigm: Reboot,120049,,2023-03-03,2026-03-24 15:58:18
120050_Paradigm: Reboot_20230303,Paradigm: Reboot,120050,,2023-03-03,2026-03-24 15:58:18
120051_Paradigm: Reboot_20230303,Paradigm: Reboot,120051,,2023-03-03,2026-03-24 15:58:18
120052_Paradigm: Reboot_20230410,Paradigm: Reboot,120052,,2023-04-10,2026-03-24 15:58:18
120053_Paradigm: Reboot_20230410,Paradigm: Reboot,120053,,2023-04-10,2026-03-24 15:58:18
120054_Paradigm: Reboot_20230410,Paradigm: Reboot,120054,,2023-04-10,2026-03-24 15:58:18
120055_Paradigm: Reboot_20230410,Paradigm: Reboot,120055,,2023-04-10,2026-03-24 15:58:18
120056_Paradigm: Reboot_20230410,Paradigm: Reboot,120056,,2023-04-10,2026-03-24 15:58:18
120057_Paradigm: Reboot_20230410,Paradigm: Reboot,120057,,2023-04-10,2026-03-24 15:58:18
120058_Paradigm: Reboot_20230410,Paradigm: Reboot,120058,,2023-04-10,2026-03-24 15:58:18
120059_Paradigm: Reboot_20230410,Paradigm: Reboot,120059,,2023-04-10,2026-03-24 15:58:18
120060_Paradigm: Reboot_20230410,Paradigm: Reboot,120060,,2023-04-10,2026-03-24 15:58:18
120061_Paradigm: Reboot_20230410,Paradigm: Reboot,120061,,2023-04-10,2026-03-24 15:58:18
120062_Paradigm: Reboot_20230426,Paradigm: Reboot,120062,,2023-04-26,2026-03-24 15:58:18
120063_Paradigm: Reboot_20230613,Paradigm: Reboot,120063,,2023-06-13,2026-03-24 15:58:18
120064_Paradigm: Reboot_20230613,Paradigm: Reboot,120064,,2023-06-13,2026-03-24 15:58:18
120065_Paradigm: Reboot_20230613,Paradigm: Reboot,120065,,2023-06-13,2026-03-24 15:58:18
120066_Paradigm: Reboot_20230613,Paradigm: Reboot,120066,,2023-06-13,2026-03-24 15:58:18
120067_Paradigm: Reboot_20230628,Paradigm: Reboot,120067,,2023-06-28,2026-03-24 15:58:18
120068_Paradigm: Reboot_20230628,Paradigm: Reboot,120068,,2023-06-28,2026-03-24 15:58:18
120069_Paradigm: Reboot_20230628,Paradigm: Reboot,120069,,2023-06-28,2026-03-24 15:58:18
120070_Paradigm: Reboot_20230714,Paradigm: Reboot,120070,,2023-07-14,2026-03-24 15:58:18
120071_Paradigm: Reboot_20230807,Paradigm: Reboot,120071,,2023-08-07,2026-03-24 15:58:18
120072_Paradigm: Reboot_20230807,Paradigm: Reboot,120072,,2023-08-07,2026-03-24 15:58:18
120073_Paradigm: Reboot_20230807,Paradigm: Reboot,120073,,2023-08-07,2026-03-24 15:58:18
120074_Paradigm: Reboot_20230807,Paradigm: Reboot,120074,,2023-08-07,2026-03-24 15:58:18
120075_Paradigm: Reboot_20230818,Paradigm: Reboot,120075,,2023-08-18,2026-03-24 15:58:18
120076_Paradigm: Reboot_20230818,Paradigm: Reboot,120076,,2023-08-18,2026-03-24 15:58:18
120077_Paradigm: Reboot_20230901,Paradigm: Reboot,120077,,2023-09-01,2026-03-24 15:58:18
120078_Paradigm: Reboot_20230901,Paradigm: Reboot,120078,,2023-09-01,2026-03-24 15:58:18
120079_Paradigm: Reboot_20230901,Paradigm: Reboot,120079,,2023-09-01,2026-03-24 15:58:18
120080_Paradigm: Reboot_20230901,Paradigm: Reboot,120080,,2023-09-01,2026-03-24 15:58:18
120081_Paradigm: Reboot_20230928,Paradigm: Reboot,120081,,2023-09-28,2026-03-24 15:58:18
120082_Paradigm: Reboot_20230928,Paradigm: Reboot,120082,,2023-09-28,2026-03-24 15:58:18
120083_Paradigm: Reboot_20230928,Paradigm: Reboot,120083,,2023-09-28,2026-03-24 15:58:18
120084_Paradigm: Reboot_20230928,Paradigm: Reboot,120084,,2023-09-28,2026-03-24 15:58:18
120085_Paradigm: Reboot_20230928,Paradigm: Reboot,120085,,2023-09-28,2026-03-24 15:58:18
120086_Paradigm: Reboot_20231027,Paradigm: Reboot,120086,,2023-10-27,2026-03-24 15:58:18
120087_Paradigm: Reboot_20231027,Paradigm: Reboot,120087,,2023-10-27,2026-03-24 15:58:18
120088_Paradigm: Reboot_20231110,Paradigm: Reboot,120088,,2023-11-10,2026-03-24 15:58:18
120089_Paradigm: Reboot_20231110,Paradigm: Reboot,120089,,2023-11-10,2026-03-24 15:58:18
120090_Paradigm: Reboot_20231124,Paradigm: Reboot,120090,,2023-11-24,2026-03-24 15:58:18
120091_Paradigm: Reboot_20231124,Paradigm: Reboot,120091,,2023-11-24,2026-03-24 15:58:18
120092_Paradigm: Reboot_20231208,Paradigm: Reboot,120092,,2023-12-08,2026-03-24 15:58:18
120093_Paradigm: Reboot_20231208,Paradigm: Reboot,120093,,2023-12-08,2026-03-24 15:58:18
120094_Paradigm: Reboot_20231208,Paradigm: Reboot,120094,,2023-12-08,2026-03-24 15:58:18
120095_Paradigm: Reboot_20231208,Paradigm: Reboot,120095,,2023-12-08,2026-03-24 15:58:18
120096_Paradigm: Reboot_20231208,Paradigm: Reboot,120096,,2023-12-08,2026-03-24 15:58:18
120097_Paradigm: Reboot_20231208,Paradigm: Reboot,120097,,2023-12-08,2026-03-24 15:58:18
120098_Paradigm: Reboot_20231208,Paradigm: Reboot,120098,,2023-12-08,2026-03-24 15:58:18
120099_Paradigm: Reboot_20231208,Paradigm: Reboot,120099,,2023-12-08,2026-03-24 15:58:18
120100_Paradigm: Reboot_20231208,Paradigm: Reboot,120100,,2023-12-08,2026-03-24 15:58:18
120101_Paradigm: Reboot_20231208,Paradigm: Reboot,120101,,2023-12-08,2026-03-24 15:58:18
120102_Paradigm: Reboot_20231208,Paradigm: Reboot,120102,,2023-12-08,2026-03-24 15:58:18
120103_Paradigm: Reboot_20231208,Paradigm: Reboot,120103,,2023-12-08,2026-03-24 15:58:18
120104_Paradigm: Reboot_20231208,Paradigm: Reboot,120104,,2023-12-08,2026-03-24 15:58:18
120105_Paradigm: Reboot_20231222,Paradigm: Reboot,120105,,2023-12-22,2026-03-24 15:58:18
120106_Paradigm: Reboot_20231222,Paradigm: Reboot,120106,,2023-12-22,2026-03-24 15:58:18
120107_Paradigm: Reboot_20231230,Paradigm: Reboot,120107,,2023-12-30,2026-03-24 15:58:18
120108_Paradigm: Reboot_20231230,Paradigm: Reboot,120108,,2023-12-30,2026-03-24 15:58:18
120109_Paradigm: Reboot_20231230,Paradigm: Reboot,120109,,2023-12-30,2026-03-24 15:58:18
120110_Paradigm: Reboot_20231230,Paradigm: Reboot,120110,,2023-12-30,2026-03-24 15:58:18
120111_Paradigm: Reboot_20240112,Paradigm: Reboot,120111,,2024-01-12,2026-03-24 15:58:18
120112_Paradigm: Reboot_20240112,Paradigm: Reboot,120112,,2024-01-12,2026-03-24 15:58:18
120113_Paradigm: Reboot_20240209,Paradigm: Reboot,120113,,2024-02-09,2026-03-24 15:58:18
120114_Paradigm: Reboot_20240209,Paradigm: Reboot,120114,,2024-02-09,2026-03-24 15:58:18
120115_Paradigm: Reboot_20240209,Paradigm: Reboot,120115,,2024-02-09,2026-03-24 15:58:18
120116_Paradigm: Reboot_20240209,Paradigm: Reboot,120116,,2024-02-09,2026-03-24 15:58:18
120117_Paradigm: Reboot_20240209,Paradigm: Reboot,120117,,2024-02-09,2026-03-24 15:58:18
120118_Paradigm: Reboot_20240209,Paradigm: Reboot,120118,,2024-02-09,2026-03-24 15:58:18
120119_Paradigm: Reboot_20240209,Paradigm: Reboot,120119,,2024-02-09,2026-03-24 15:58:18
120120_Paradigm: Reboot_20240209,Paradigm: Reboot,120120,,2024-02-09,2026-03-24 15:58:18
120121_Paradigm: Reboot_20240209,Paradigm: Reboot,120121,,2024-02-09,2026-03-24 15:58:18
120122_Paradigm: Reboot_20240209,Paradigm: Reboot,120122,,2024-02-09,2026-03-24 15:58:18
120123_Paradigm: Reboot_20240209,Paradigm: Reboot,120123,,2024-02-09,2026-03-24 15:58:18
120124_Paradigm: Reboot_20240209,Paradigm: Reboot,120124,,2024-02-09,2026-03-24 15:58:18
120125_Paradigm: Reboot_20240209,Paradigm: Reboot,120125,,2024-02-09,2026-03-24 15:58:18
120126_Paradigm: Reboot_20240209,Paradigm: Reboot,120126,,2024-02-09,2026-03-24 15:58:18
120127_Paradigm: Reboot_20240209,Paradigm: Reboot,120127,,2024-02-09,2026-03-24 15:58:18
120128_Paradigm: Reboot_20240209,Paradigm: Reboot,120128,,2024-02-09,2026-03-24 15:58:18
120129_Paradigm: Reboot_20240209,Paradigm: Reboot,120129,,2024-02-09,2026-03-24 15:58:18
120130_Paradigm: Reboot_20240209,Paradigm: Reboot,120130,,2024-02-09,2026-03-24 15:58:18
120131_Paradigm: Reboot_20240309,Paradigm: Reboot,120131,,2024-03-09,2026-03-24 15:58:18
120132_Paradigm: Reboot_20240309,Paradigm: Reboot,120132,,2024-03-09,2026-03-24 15:58:18
120133_Paradigm: Reboot_20240309,Paradigm: Reboot,120133,,2024-03-09,2026-03-24 15:58:18
120134_Paradigm: Reboot_20240309,Paradigm: Reboot,120134,,2024-03-09,2026-03-24 15:58:18
120135_Paradigm: Reboot_20240309,Paradigm: Reboot,120135,,2024-03-09,2026-03-24 15:58:18
120136_Paradigm: Reboot_20240309,Paradigm: Reboot,120136,,2024-03-09,2026-03-24 15:58:18
120137_Paradigm: Reboot_20240309,Paradigm: Reboot,120137,,2024-03-09,2026-03-24 15:58:18
120138_Paradigm: Reboot_20240325,Paradigm: Reboot,120138,,2024-03-25,2026-03-24 15:58:18
120139_Paradigm: Reboot_20240325,Paradigm: Reboot,120139,,2024-03-25,2026-03-24 15:58:18
120140_Paradigm: Reboot_20240325,Paradigm: Reboot,120140,,2024-03-25,2026-03-24 15:58:18
120141_Paradigm: Reboot_20240405,Paradigm: Reboot,120141,,2024-04-05,2026-03-24 15:58:18
120142_Paradigm: Reboot_20240405,Paradigm: Reboot,120142,,2024-04-05,2026-03-24 15:58:18
120143_Paradigm: Reboot_20240405,Paradigm: Reboot,120143,,2024-04-05,2026-03-24 15:58:18
120144_Paradigm: Reboot_20240405,Paradigm: Reboot,120144,,2024-04-05,2026-03-24 15:58:18
120145_Paradigm: Reboot_20240419,Paradigm: Reboot,120145,,2024-04-19,2026-03-24 15:58:18
120146_Paradigm: Reboot_20240419,Paradigm: Reboot,120146,,2024-04-19,2026-03-24 15:58:18
120147_Paradigm: Reboot_20240501,Paradigm: Reboot,120147,,2024-05-01,2026-03-24 15:58:18
120148_Paradigm: Reboot_20240501,Paradigm: Reboot,120148,,2024-05-01,2026-03-24 15:58:18
120149_Paradigm: Reboot_20240501,Paradigm: Reboot,120149,,2024-05-01,2026-03-24 15:58:18
120150_Paradigm: Reboot_20240501,Paradigm: Reboot,120150,,2024-05-01,2026-03-24 15:58:18
120151_Paradigm: Reboot_20240517,Paradigm: Reboot,120151,,2024-05-17,2026-03-24 15:58:18
120152_Paradigm: Reboot_20240517,Paradigm: Reboot,120152,,2024-05-17,2026-03-24 15:58:18
120153_Paradigm: Reboot_20240609,Paradigm: Reboot,120153,,2024-06-09,2026-03-24 15:58:18
120154_Paradigm: Reboot_20240609,Paradigm: Reboot,120154,,2024-06-09,2026-03-24 15:58:18
120155_Paradigm: Reboot_20240609,Paradigm: Reboot,120155,,2024-06-09,2026-03-24 15:58:18
120156_Paradigm: Reboot_20240609,Paradigm: Reboot,120156,,2024-06-09,2026-03-24 15:58:18
120157_Paradigm: Reboot_20240609,Paradigm: Reboot,120157,,2024-06-09,2026-03-24 15:58:18
120158_Paradigm: Reboot_20240609,Paradigm: Reboot,120158,,2024-06-09,2026-03-24 15:58:18
120159_Paradigm: Reboot_20240609,Paradigm: Reboot,120159,,2024-06-09,2026-03-24 15:58:18
120160_Paradigm: Reboot_20240609,Paradigm: Reboot,120160,,2024-06-09,2026-03-24 15:58:18
120161_Paradigm: Reboot_20240609,Paradigm: Reboot,120161,,2024-06-09,2026-03-24 15:58:18
120162_Paradigm: Reboot_20240609,Paradigm: Reboot,120162,,2024-06-09,2026-03-24 15:58:18
120163_Paradigm: Reboot_20240705,Paradigm: Reboot,120163,,2024-07-05,2026-03-24 15:58:18
120164_Paradigm: Reboot_20240705,Paradigm: Reboot,120164,,2024-07-05,2026-03-24 15:58:18
120165_Paradigm: Reboot_20240705,Paradigm: Reboot,120165,,2024-07-05,2026-03-24 15:58:18
120166_Paradigm: Reboot_20240705,Paradigm: Reboot,120166,,2024-07-05,2026-03-24 15:58:18
120167_Paradigm: Reboot_20240705,Paradigm: Reboot,120167,,2024-07-05,2026-03-24 15:58:18
120168_Paradigm: Reboot_20240705,Paradigm: Reboot,120168,,2024-07-05,2026-03-24 15:58:18
120169_Paradigm: Reboot_20240725,Paradigm: Reboot,120169,,2024-07-25,2026-03-24 15:58:18
120170_Paradigm: Reboot_20240725,Paradigm: Reboot,120170,,2024-07-25,2026-03-24 15:58:18
120171_Paradigm: Reboot_20240725,Paradigm: Reboot,120171,,2024-07-25,2026-03-24 15:58:18
120172_Paradigm: Reboot_20240725,Paradigm: Reboot,120172,,2024-07-25,2026-03-24 15:58:18
120173_Paradigm: Reboot_20240809,Paradigm: Reboot,120173,,2024-08-09,2026-03-24 15:58:18
120174_Paradigm: Reboot_20240809,Paradigm: Reboot,120174,,2024-08-09,2026-03-24 15:58:18
120175_Paradigm: Reboot_20240809,Paradigm: Reboot,120175,,2024-08-09,2026-03-24 15:58:18
120176_Paradigm: Reboot_20240809,Paradigm: Reboot,120176,,2024-08-09,2026-03-24 15:58:18
120177_Paradigm: Reboot_20240823,Paradigm: Reboot,120177,,2024-08-23,2026-03-24 15:58:18
120178_Paradigm: Reboot_20240823,Paradigm: Reboot,120178,,2024-08-23,2026-03-24 15:58:18
120179_Paradigm: Reboot_20240823,Paradigm: Reboot,120179,,2024-08-23,2026-03-24 15:58:18
120180_Paradigm: Reboot_20240823,Paradigm: Reboot,120180,,2024-08-23,2026-03-24 15:58:18
120181_Paradigm: Reboot_20240913,Paradigm: Reboot,120181,,2024-09-13,2026-03-24 15:58:18
120182_Paradigm: Reboot_20240913,Paradigm: Reboot,120182,,2024-09-13,2026-03-24 15:58:18
120183_Paradigm: Reboot_20240913,Paradigm: Reboot,120183,,2024-09-13,2026-03-24 15:58:18
120184_Paradigm: Reboot_20240913,Paradigm: Reboot,120184,,2024-09-13,2026-03-24 15:58:18
120185_Paradigm: Reboot_20240913,Paradigm: Reboot,120185,,2024-09-13,2026-03-24 15:58:18
120186_Paradigm: Reboot_20241001,Paradigm: Reboot,120186,,2024-10-01,2026-03-24 15:58:18
120187_Paradigm: Reboot_20241001,Paradigm: Reboot,120187,,2024-10-01,2026-03-24 15:58:18
120188_Paradigm: Reboot_20241001,Paradigm: Reboot,120188,,2024-10-01,2026-03-24 15:58:18
120189_Paradigm: Reboot_20241001,Paradigm: Reboot,120189,,2024-10-01,2026-03-24 15:58:18
120190_Paradigm: Reboot_20241001,Paradigm: Reboot,120190,,2024-10-01,2026-03-24 15:58:18
120191_Paradigm: Reboot_20241001,Paradigm: Reboot,120191,,2024-10-01,2026-03-24 15:58:18
120192_Paradigm: Reboot_20241001,Paradigm: Reboot,120192,,2024-10-01,2026-03-24 15:58:18
120193_Paradigm: Reboot_20241001,Paradigm: Reboot,120193,,2024-10-01,2026-03-24 15:58:18
120194_Paradigm: Reboot_20241025,Paradigm: Reboot,120194,,2024-10-25,2026-03-24 15:58:18
120195_Paradigm: Reboot_20241025,Paradigm: Reboot,120195,,2024-10-25,2026-03-24 15:58:18
120196_Paradigm: Reboot_20241025,Paradigm: Reboot,120196,,2024-10-25,2026-03-24 15:58:18
120197_Paradigm: Reboot_20241025,Paradigm: Reboot,120197,,2024-10-25,2026-03-24 15:58:18
120198_Paradigm: Reboot_20241108,Paradigm: Reboot,120198,,2024-11-08,2026-03-24 15:58:18
120199_Paradigm: Reboot_20241108,Paradigm: Reboot,120199,,2024-11-08,2026-03-24 15:58:18
120200_Paradigm: Reboot_20241108,Paradigm: Reboot,120200,,2024-11-08,2026-03-24 15:58:18
120201_Paradigm: Reboot_20241108,Paradigm: Reboot,120201,,2024-11-08,2026-03-24 15:58:18
120202_Paradigm: Reboot_20241206,Paradigm: Reboot,120202,,2024-12-06,2026-03-24 15:58:18
120203_Paradigm: Reboot_20241206,Paradigm: Reboot,120203,,2024-12-06,2026-03-24 15:58:18
120204_Paradigm: Reboot_20241206,Paradigm: Reboot,120204,,2024-12-06,2026-03-24 15:58:18
120205_Paradigm: Reboot_20241206,Paradigm: Reboot,120205,,2024-12-06,2026-03-24 15:58:18
120206_Paradigm: Reboot_20241206,Paradigm: Reboot,120206,,2024-12-06,2026-03-24 15:58:18
120207_Paradigm: Reboot_20241206,Paradigm: Reboot,120207,,2024-12-06,2026-03-24 15:58:18
120208_Paradigm: Reboot_20241206,Paradigm: Reboot,120208,,2024-12-06,2026-03-24 15:58:18
120209_Paradigm: Reboot_20241206,Paradigm: Reboot,120209,,2024-12-06,2026-03-24 15:58:18
120210_Paradigm: Reboot_20241206,Paradigm: Reboot,120210,,2024-12-06,2026-03-24 15:58:18
120211_Paradigm: Reboot_20241206,Paradigm: Reboot,120211,,2024-12-06,2026-03-24 15:58:18
120212_Paradigm: Reboot_20241206,Paradigm: Reboot,120212,,2024-12-06,2026-03-24 15:58:18
120213_Paradigm: Reboot_20241206,Paradigm: Reboot,120213,,2024-12-06,2026-03-24 15:58:18
120214_Paradigm: Reboot_20241206,Paradigm: Reboot,120214,,2024-12-06,2026-03-24 15:58:18
120215_Paradigm: Reboot_20241206,Paradigm: Reboot,120215,,2024-12-06,2026-03-24 15:58:18
120216_Paradigm: Reboot_20241206,Paradigm: Reboot,120216,,2024-12-06,2026-03-24 15:58:18
120217_Paradigm: Reboot_20241214,Paradigm: Reboot,120217,,2024-12-14,2026-03-24 15:58:18
120218_Paradigm: Reboot_20241214,Paradigm: Reboot,120218,,2024-12-14,2026-03-24 15:58:18
120219_Paradigm: Reboot_20241227,Paradigm: Reboot,120219,,2024-12-27,2026-03-24 15:58:18
120220_Paradigm: Reboot_20241227,Paradigm: Reboot,120220,,2024-12-27,2026-03-24 15:58:18
120221_Paradigm: Reboot_20241227,Paradigm: Reboot,120221,,2024-12-27,2026-03-24 15:58:18
120222_Paradigm: Reboot_20241227,Paradigm: Reboot,120222,,2024-12-27,2026-03-24 15:58:18
120223_Paradigm: Reboot_20241227,Paradigm: Reboot,120223,,2024-12-27,2026-03-24 15:58:18
120224_Paradigm: Reboot_20241227,Paradigm: Reboot,120224,,2024-12-27,2026-03-24 15:58:18
120225_Paradigm: Reboot_20241227,Paradigm: Reboot,120225,,2024-12-27,2026-03-24 15:58:18
120226_Paradigm: Reboot_20241227,Paradigm: Reboot,120226,,2024-12-27,2026-03-24 15:58:18
120227_Paradigm: Reboot_20241227,Paradigm: Reboot,120227,,2024-12-27,2026-03-24 15:58:18
120228_Paradigm: Reboot_20241227,Paradigm: Reboot,120228,,2024-12-27,2026-03-24 15:58:18
120229_Paradigm: Reboot_20241227,Paradigm: Reboot,120229,,2024-12-27,2026-03-24 15:58:18
120230_Paradigm: Reboot_20250117,Paradigm: Reboot,120230,,2025-01-17,2026-03-24 15:58:18
120231_Paradigm: Reboot_20250117,Paradigm: Reboot,120231,,2025-01-17,2026-03-24 15:58:18
120232_Paradigm: Reboot_20250117,Paradigm: Reboot,120232,,2025-01-17,2026-03-24 15:58:18
120233_Paradigm: Reboot_20250117,Paradigm: Reboot,120233,,2025-01-17,2026-03-24 15:58:18
120234_Paradigm: Reboot_20250117,Paradigm: Reboot,120234,,2025-01-17,2026-03-24 15:58:18
120235_Paradigm: Reboot_20250117,Paradigm: Reboot,120235,,2025-01-17,2026-03-24 15:58:18
120236_Paradigm: Reboot_20250117,Paradigm: Reboot,120236,,2025-01-17,2026-03-24 15:58:18
120237_Paradigm: Reboot_20250117,Paradigm: Reboot,120237,,2025-01-17,2026-03-24 15:58:18
120238_Paradigm: Reboot_20250117,Paradigm: Reboot,120238,,2025-01-17,2026-03-24 15:58:18
120239_Paradigm: Reboot_20250117,Paradigm: Reboot,120239,,2025-01-17,2026-03-24 15:58:18
120240_Paradigm: Reboot_20250128,Paradigm: Reboot,120240,,2025-01-28,2026-03-24 15:58:18
120241_Paradigm: Reboot_20250128,Paradigm: Reboot,120241,,2025-01-28,2026-03-24 15:58:18
130255_Phigros_20250117,Phigros,130255,,2025-01-17,2026-03-24 15:58:18
130256_Phigros_20250117,Phigros,130256,,2025-01-17,2026-03-24 15:58:18
130252_Phigros_20241229,Phigros,130252,,2024-12-29,2026-03-24 15:58:18
130253_Phigros_20241229,Phigros,130253,,2024-12-29,2026-03-24 15:58:18
130254_Phigros_20241229,Phigros,130254,,2024-12-29,2026-03-24 15:58:18
130249_Phigros_20241129,Phigros,130249,,2024-11-29,2026-03-24 15:58:18
130250_Phigros_20241129,Phigros,130250,,2024-11-29,2026-03-24 15:58:18
130251_Phigros_20241129,Phigros,130251,,2024-11-29,2026-03-24 15:58:18
130247_Phigros_20241108,Phigros,130247,,2024-11-08,2026-03-24 15:58:18
130248_Phigros_20241108,Phigros,130248,,2024-11-08,2026-03-24 15:58:18
130130_Phigros_20241019,Phigros,130130,,2024-10-19,2026-03-24 15:58:18
130131_Phigros_20241019,Phigros,130131,,2024-10-19,2026-03-24 15:58:18
130132_Phigros_20241019,Phigros,130132,,2024-10-19,2026-03-24 15:58:18
130133_Phigros_20241019,Phigros,130133,,2024-10-19,2026-03-24 15:58:18
130134_Phigros_20241019,Phigros,130134,,2024-10-19,2026-03-24 15:58:18
130245_Phigros_20240920,Phigros,130245,,2024-09-20,2026-03-24 15:58:18
130246_Phigros_20240920,Phigros,130246,,2024-09-20,2026-03-24 15:58:18
130062_Phigros_20240831,Phigros,130062,,2024-08-31,2026-03-24 15:58:18
130063_Phigros_20240831,Phigros,130063,,2024-08-31,2026-03-24 15:58:18
130064_Phigros_20240831,Phigros,130064,,2024-08-31,2026-03-24 15:58:18
130065_Phigros_20240831,Phigros,130065,,2024-08-31,2026-03-24 15:58:18
130066_Phigros_20240831,Phigros,130066,,2024-08-31,2026-03-24 15:58:18
130067_Phigros_20240831,Phigros,130067,,2024-08-31,2026-03-24 15:58:18
130117_Phigros_20240831,Phigros,130117,,2024-08-31,2026-03-24 15:58:18
130244_Phigros_20240831,Phigros,130244,,2024-08-31,2026-03-24 15:58:18
130127_Phigros_20240726,Phigros,130127,,2024-07-26,2026-03-24 15:58:18
130128_Phigros_20240726,Phigros,130128,,2024-07-26,2026-03-24 15:58:18
130129_Phigros_20240726,Phigros,130129,,2024-07-26,2026-03-24 15:58:18
130243_Phigros_20240726,Phigros,130243,,2024-07-26,2026-03-24 15:58:18
130242_Phigros_20240712,Phigros,130242,,2024-07-12,2026-03-24 15:58:18
130124_Phigros_20240628,Phigros,130124,,2024-06-28,2026-03-24 15:58:18
130125_Phigros_20240628,Phigros,130125,,2024-06-28,2026-03-24 15:58:18
130126_Phigros_20240628,Phigros,130126,,2024-06-28,2026-03-24 15:58:18
130241_Phigros_20240531,Phigros,130241,,2024-05-31,2026-03-24 15:58:18
130240_Phigros_20240510,Phigros,130240,,2024-05-10,2026-03-24 15:58:18
130238_Phigros_20240426,Phigros,130238,,2024-04-26,2026-03-24 15:58:18
130239_Phigros_20240426,Phigros,130239,,2024-04-26,2026-03-24 15:58:18
130120_Phigros_20240405,Phigros,130120,,2024-04-05,2026-03-24 15:58:18
130121_Phigros_20240405,Phigros,130121,,2024-04-05,2026-03-24 15:58:18
130122_Phigros_20240405,Phigros,130122,,2024-04-05,2026-03-24 15:58:18
130237_Phigros_20240401,Phigros,130237,,2024-04-01,2026-03-24 15:58:18
130236_Phigros_20240315,Phigros,130236,,2024-03-15,2026-03-24 15:58:18
130057_Phigros_20240224,Phigros,130057,,2024-02-24,2026-03-24 15:58:18
130058_Phigros_20240224,Phigros,130058,,2024-02-24,2026-03-24 15:58:18
130059_Phigros_20240224,Phigros,130059,,2024-02-24,2026-03-24 15:58:18
130060_Phigros_20240224,Phigros,130060,,2024-02-24,2026-03-24 15:58:18
130061_Phigros_20240224,Phigros,130061,,2024-02-24,2026-03-24 15:58:18
130234_Phigros_20240202,Phigros,130234,,2024-02-02,2026-03-24 15:58:18
130235_Phigros_20240202,Phigros,130235,,2024-02-02,2026-03-24 15:58:18
130114_Phigros_20240119,Phigros,130114,,2024-01-19,2026-03-24 15:58:18
130115_Phigros_20240119,Phigros,130115,,2024-01-19,2026-03-24 15:58:18
130116_Phigros_20240119,Phigros,130116,,2024-01-19,2026-03-24 15:58:18
130232_Phigros_20231229,Phigros,130232,,2023-12-29,2026-03-24 15:58:18
130233_Phigros_20231229,Phigros,130233,,2023-12-29,2026-03-24 15:58:18
130118_Phigros_20231215,Phigros,130118,,2023-12-15,2026-03-24 15:58:18
130119_Phigros_20231215,Phigros,130119,,2023-12-15,2026-03-24 15:58:18
130111_Phigros_20231117,Phigros,130111,,2023-11-17,2026-03-24 15:58:18
130112_Phigros_20231117,Phigros,130112,,2023-11-17,2026-03-24 15:58:18
130113_Phigros_20231117,Phigros,130113,,2023-11-17,2026-03-24 15:58:18
130230_Phigros_20231027,Phigros,130230,,2023-10-27,2026-03-24 15:58:18
130231_Phigros_20231027,Phigros,130231,,2023-10-27,2026-03-24 15:58:18
130228_Phigros_20230929,Phigros,130228,,2023-09-29,2026-03-24 15:58:18
130229_Phigros_20230929,Phigros,130229,,2023-09-29,2026-03-24 15:58:18
130135_Phigros_20230831,Phigros,130135,,2023-08-31,2026-03-24 15:58:18
130136_Phigros_20230831,Phigros,130136,,2023-08-31,2026-03-24 15:58:18
130137_Phigros_20230831,Phigros,130137,,2023-08-31,2026-03-24 15:58:18
130138_Phigros_20230831,Phigros,130138,,2023-08-31,2026-03-24 15:58:18
130139_Phigros_20230831,Phigros,130139,,2023-08-31,2026-03-24 15:58:18
130227_Phigros_20230818,Phigros,130227,,2023-08-18,2026-03-24 15:58:18
130226_Phigros_20230728,Phigros,130226,,2023-07-28,2026-03-24 15:58:18
130224_Phigros_20230707,Phigros,130224,,2023-07-07,2026-03-24 15:58:18
130225_Phigros_20230707,Phigros,130225,,2023-07-07,2026-03-24 15:58:18
130105_Phigros_20230609,Phigros,130105,,2023-06-09,2026-03-24 15:58:18
130106_Phigros_20230609,Phigros,130106,,2023-06-09,2026-03-24 15:58:18
130107_Phigros_20230609,Phigros,130107,,2023-06-09,2026-03-24 15:58:18
130108_Phigros_20230609,Phigros,130108,,2023-06-09,2026-03-24 15:58:18
130109_Phigros_20230609,Phigros,130109,,2023-06-09,2026-03-24 15:58:18
130110_Phigros_20230609,Phigros,130110,,2023-06-09,2026-03-24 15:58:18
130222_Phigros_20230519,Phigros,130222,,2023-05-19,2026-03-24 15:58:18
130223_Phigros_20230519,Phigros,130223,,2023-05-19,2026-03-24 15:58:18
130040_Phigros_20230421,Phigros,130040,,2023-04-21,2026-03-24 15:58:18
130041_Phigros_20230421,Phigros,130041,,2023-04-21,2026-03-24 15:58:18
130042_Phigros_20230421,Phigros,130042,,2023-04-21,2026-03-24 15:58:18
130043_Phigros_20230421,Phigros,130043,,2023-04-21,2026-03-24 15:58:18
130044_Phigros_20230421,Phigros,130044,,2023-04-21,2026-03-24 15:58:18
130045_Phigros_20230421,Phigros,130045,,2023-04-21,2026-03-24 15:58:18
130123_Phigros_20230331,Phigros,130123,,2023-03-31,2026-03-24 15:58:18
130221_Phigros_20230331,Phigros,130221,,2023-03-31,2026-03-24 15:58:18
130218_Phigros_20230224,Phigros,130218,,2023-02-24,2026-03-24 15:58:18
130219_Phigros_20230224,Phigros,130219,,2023-02-24,2026-03-24 15:58:18
130220_Phigros_20230224,Phigros,130220,,2023-02-24,2026-03-24 15:58:18
130101_Phigros_20230122,Phigros,130101,,2023-01-22,2026-03-24 15:58:18
130102_Phigros_20230122,Phigros,130102,,2023-01-22,2026-03-24 15:58:18
130103_Phigros_20230122,Phigros,130103,,2023-01-22,2026-03-24 15:58:18
130104_Phigros_20230122,Phigros,130104,,2023-01-22,2026-03-24 15:58:18
130217_Phigros_20230113,Phigros,130217,,2023-01-13,2026-03-24 15:58:18
130215_Phigros_20221224,Phigros,130215,,2022-12-24,2026-03-24 15:58:18
130216_Phigros_20221224,Phigros,130216,,2022-12-24,2026-03-24 15:58:18
130213_Phigros_20221125,Phigros,130213,,2022-11-25,2026-03-24 15:58:18
130214_Phigros_20221125,Phigros,130214,,2022-11-25,2026-03-24 15:58:18
130211_Phigros_20221104,Phigros,130211,,2022-11-04,2026-03-24 15:58:18
130212_Phigros_20221104,Phigros,130212,,2022-11-04,2026-03-24 15:58:18
130209_Phigros_20220923,Phigros,130209,,2022-09-23,2026-03-24 15:58:18
130210_Phigros_20220923,Phigros,130210,,2022-09-23,2026-03-24 15:58:18
130098_Phigros_20220831,Phigros,130098,,2022-08-31,2026-03-24 15:58:18
130099_Phigros_20220831,Phigros,130099,,2022-08-31,2026-03-24 15:58:18
130100_Phigros_20220831,Phigros,130100,,2022-08-31,2026-03-24 15:58:18
130208_Phigros_20220831,Phigros,130208,,2022-08-31,2026-03-24 15:58:18
130207_Phigros_20220812,Phigros,130207,,2022-08-12,2026-03-24 15:58:18
130206_Phigros_20220722,Phigros,130206,,2022-07-22,2026-03-24 15:58:18
130205_Phigros_20220701,Phigros,130205,,2022-07-01,2026-03-24 15:58:18
130093_Phigros_20220610,Phigros,130093,,2022-06-10,2026-03-24 15:58:18
130094_Phigros_20220610,Phigros,130094,,2022-06-10,2026-03-24 15:58:18
130095_Phigros_20220610,Phigros,130095,,2022-06-10,2026-03-24 15:58:18
130096_Phigros_20220610,Phigros,130096,,2022-06-10,2026-03-24 15:58:18
130097_Phigros_20220610,Phigros,130097,,2022-06-10,2026-03-24 15:58:18
130203_Phigros_20220520,Phigros,130203,,2022-05-20,2026-03-24 15:58:18
130204_Phigros_20220520,Phigros,130204,,2022-05-20,2026-03-24 15:58:18
130052_Phigros_20220429,Phigros,130052,,2022-04-29,2026-03-24 15:58:18
130053_Phigros_20220429,Phigros,130053,,2022-04-29,2026-03-24 15:58:18
130054_Phigros_20220429,Phigros,130054,,2022-04-29,2026-03-24 15:58:18
130055_Phigros_20220429,Phigros,130055,,2022-04-29,2026-03-24 15:58:18
130056_Phigros_20220429,Phigros,130056,,2022-04-29,2026-03-24 15:58:18
130202_Phigros_20220401,Phigros,130202,,2022-04-01,2026-03-24 15:58:18
130051_Phigros_20220318,Phigros,130051,,2022-03-18,2026-03-24 15:58:18
130201_Phigros_20220318,Phigros,130201,,2022-03-18,2026-03-24 15:58:18
130200_Phigros_20220224,Phigros,130200,,2022-02-24,2026-03-24 15:58:18
130197_Phigros_20220121,Phigros,130197,,2022-01-21,2026-03-24 15:58:18
130198_Phigros_20220121,Phigros,130198,,2022-01-21,2026-03-24 15:58:18
130199_Phigros_20220121,Phigros,130199,,2022-01-21,2026-03-24 15:58:18
130088_Phigros_20211224,Phigros,130088,,2021-12-24,2026-03-24 15:58:18
130089_Phigros_20211224,Phigros,130089,,2021-12-24,2026-03-24 15:58:18
130090_Phigros_20211224,Phigros,130090,,2021-12-24,2026-03-24 15:58:18
130091_Phigros_20211224,Phigros,130091,,2021-12-24,2026-03-24 15:58:18
130092_Phigros_20211224,Phigros,130092,,2021-12-24,2026-03-24 15:58:18
130195_Phigros_20211224,Phigros,130195,,2021-12-24,2026-03-24 15:58:18
130196_Phigros_20211224,Phigros,130196,,2021-12-24,2026-03-24 15:58:18
130194_Phigros_20211112,Phigros,130194,,2021-11-12,2026-03-24 15:58:18
130034_Phigros_20211022,Phigros,130034,,2021-10-22,2026-03-24 15:58:18
130035_Phigros_20211022,Phigros,130035,,2021-10-22,2026-03-24 15:58:18
130036_Phigros_20211022,Phigros,130036,,2021-10-22,2026-03-24 15:58:18
130037_Phigros_20211022,Phigros,130037,,2021-10-22,2026-03-24 15:58:18
130038_Phigros_20211022,Phigros,130038,,2021-10-22,2026-03-24 15:58:18
130039_Phigros_20211022,Phigros,130039,,2021-10-22,2026-03-24 15:58:18
130191_Phigros_20211022,Phigros,130191,,2021-10-22,2026-03-24 15:58:18
130192_Phigros_20211022,Phigros,130192,,2021-10-22,2026-03-24 15:58:18
130193_Phigros_20211022,Phigros,130193,,2021-10-22,2026-03-24 15:58:18
130190_Phigros_20210725,Phigros,130190,,2021-07-25,2026-03-24 15:58:18
130188_Phigros_20210709,Phigros,130188,,2021-07-09,2026-03-24 15:58:18
130189_Phigros_20210709,Phigros,130189,,2021-07-09,2026-03-24 15:58:18
130186_Phigros_20210618,Phigros,130186,,2021-06-18,2026-03-24 15:58:18
130187_Phigros_20210618,Phigros,130187,,2021-06-18,2026-03-24 15:58:18
130085_Phigros_20210528,Phigros,130085,,2021-05-28,2026-03-24 15:58:18
130086_Phigros_20210528,Phigros,130086,,2021-05-28,2026-03-24 15:58:18
130087_Phigros_20210528,Phigros,130087,,2021-05-28,2026-03-24 15:58:18
130081_Phigros_20210430,Phigros,130081,,2021-04-30,2026-03-24 15:58:18
130082_Phigros_20210430,Phigros,130082,,2021-04-30,2026-03-24 15:58:18
130083_Phigros_20210430,Phigros,130083,,2021-04-30,2026-03-24 15:58:18
130084_Phigros_20210430,Phigros,130084,,2021-04-30,2026-03-24 15:58:18
130185_Phigros_20210430,Phigros,130185,,2021-04-30,2026-03-24 15:58:18
130183_Phigros_20210415,Phigros,130183,,2021-04-15,2026-03-24 15:58:18
130184_Phigros_20210415,Phigros,130184,,2021-04-15,2026-03-24 15:58:18
130182_Phigros_20210401,Phigros,130182,,2021-04-01,2026-03-24 15:58:18
130180_Phigros_20210115,Phigros,130180,,2021-01-15,2026-03-24 15:58:18
130181_Phigros_20210115,Phigros,130181,,2021-01-15,2026-03-24 15:58:18
130177_Phigros_20201224,Phigros,130177,,2020-12-24,2026-03-24 15:58:18
130178_Phigros_20201224,Phigros,130178,,2020-12-24,2026-03-24 15:58:18
130179_Phigros_20201224,Phigros,130179,,2020-12-24,2026-03-24 15:58:18
130176_Phigros_20201211,Phigros,130176,,2020-12-11,2026-03-24 15:58:18
130046_Phigros_20201128,Phigros,130046,,2020-11-28,2026-03-24 15:58:18
130047_Phigros_20201128,Phigros,130047,,2020-11-28,2026-03-24 15:58:18
130048_Phigros_20201128,Phigros,130048,,2020-11-28,2026-03-24 15:58:18
130049_Phigros_20201128,Phigros,130049,,2020-11-28,2026-03-24 15:58:18
130050_Phigros_20201128,Phigros,130050,,2020-11-28,2026-03-24 15:58:18
130174_Phigros_20201113,Phigros,130174,,2020-11-13,2026-03-24 15:58:18
130175_Phigros_20201113,Phigros,130175,,2020-11-13,2026-03-24 15:58:18
130172_Phigros_20201023,Phigros,130172,,2020-10-23,2026-03-24 15:58:18
130173_Phigros_20201023,Phigros,130173,,2020-10-23,2026-03-24 15:58:18
130170_Phigros_20200919,Phigros,130170,,2020-09-19,2026-03-24 15:58:18
130171_Phigros_20200919,Phigros,130171,,2020-09-19,2026-03-24 15:58:18
130028_Phigros_20200831,Phigros,130028,,2020-08-31,2026-03-24 15:58:18
130029_Phigros_20200831,Phigros,130029,,2020-08-31,2026-03-24 15:58:18
130030_Phigros_20200831,Phigros,130030,,2020-08-31,2026-03-24 15:58:18
130031_Phigros_20200831,Phigros,130031,,2020-08-31,2026-03-24 15:58:18
130032_Phigros_20200831,Phigros,130032,,2020-08-31,2026-03-24 15:58:18
130033_Phigros_20200831,Phigros,130033,,2020-08-31,2026-03-24 15:58:18
130169_Phigros_20200831,Phigros,130169,,2020-08-31,2026-03-24 15:58:18
130076_Phigros_20200717,Phigros,130076,,2020-07-17,2026-03-24 15:58:18
130077_Phigros_20200717,Phigros,130077,,2020-07-17,2026-03-24 15:58:18
130078_Phigros_20200717,Phigros,130078,,2020-07-17,2026-03-24 15:58:18
130079_Phigros_20200717,Phigros,130079,,2020-07-17,2026-03-24 15:58:18
130080_Phigros_20200717,Phigros,130080,,2020-07-17,2026-03-24 15:58:18
130027_Phigros_20200703,Phigros,130027,,2020-07-03,2026-03-24 15:58:18
130168_Phigros_20200619,Phigros,130168,,2020-06-19,2026-03-24 15:58:18
130167_Phigros_20200529,Phigros,130167,,2020-05-29,2026-03-24 15:58:18
130165_Phigros_20200523,Phigros,130165,,2020-05-23,2026-03-24 15:58:18
130166_Phigros_20200523,Phigros,130166,,2020-05-23,2026-03-24 15:58:18
130073_Phigros_20200501,Phigros,130073,,2020-05-01,2026-03-24 15:58:18
130074_Phigros_20200501,Phigros,130074,,2020-05-01,2026-03-24 15:58:18
130075_Phigros_20200501,Phigros,130075,,2020-05-01,2026-03-24 15:58:18
130164_Phigros_20200401,Phigros,130164,,2020-04-01,2026-03-24 15:58:18
130068_Phigros_20200320,Phigros,130068,,2020-03-20,2026-03-24 15:58:18
130069_Phigros_20200320,Phigros,130069,,2020-03-20,2026-03-24 15:58:18
130070_Phigros_20200320,Phigros,130070,,2020-03-20,2026-03-24 15:58:18
130071_Phigros_20200320,Phigros,130071,,2020-03-20,2026-03-24 15:58:18
130072_Phigros_20200320,Phigros,130072,,2020-03-20,2026-03-24 15:58:18
130162_Phigros_20200305,Phigros,130162,,2020-03-05,2026-03-24 15:58:18
130163_Phigros_20200305,Phigros,130163,,2020-03-05,2026-03-24 15:58:18
130021_Phigros_20200221,Phigros,130021,,2020-02-21,2026-03-24 15:58:18
130022_Phigros_20200221,Phigros,130022,,2020-02-21,2026-03-24 15:58:18
130023_Phigros_20200221,Phigros,130023,,2020-02-21,2026-03-24 15:58:18
130024_Phigros_20200221,Phigros,130024,,2020-02-21,2026-03-24 15:58:18
130025_Phigros_20200221,Phigros,130025,,2020-02-21,2026-03-24 15:58:18
130026_Phigros_20200221,Phigros,130026,,2020-02-21,2026-03-24 15:58:18
130161_Phigros_20200124,Phigros,130161,,2020-01-24,2026-03-24 15:58:18
130159_Phigros_20191224,Phigros,130159,,2019-12-24,2026-03-24 15:58:18
130160_Phigros_20191224,Phigros,130160,,2019-12-24,2026-03-24 15:58:18
130158_Phigros_20191206,Phigros,130158,,2019-12-06,2026-03-24 15:58:18
130157_Phigros_20191122,Phigros,130157,,2019-11-22,2026-03-24 15:58:18
130154_Phigros_20191115,Phigros,130154,,2019-11-15,2026-03-24 15:58:18
130155_Phigros_20191115,Phigros,130155,,2019-11-15,2026-03-24 15:58:18
130156_Phigros_20191115,Phigros,130156,,2019-11-15,2026-03-24 15:58:18
130151_Phigros_20191025,Phigros,130151,,2019-10-25,2026-03-24 15:58:18
130152_Phigros_20191025,Phigros,130152,,2019-10-25,2026-03-24 15:58:18
130153_Phigros_20191025,Phigros,130153,,2019-10-25,2026-03-24 15:58:18
130001_Phigros_20190927,Phigros,130001,,2019-09-27,2026-03-24 15:58:18
130002_Phigros_20190927,Phigros,130002,,2019-09-27,2026-03-24 15:58:18
130003_Phigros_20190927,Phigros,130003,,2019-09-27,2026-03-24 15:58:18
130004_Phigros_20190927,Phigros,130004,,2019-09-27,2026-03-24 15:58:18
130005_Phigros_20190927,Phigros,130005,,2019-09-27,2026-03-24 15:58:18
130006_Phigros_20190927,Phigros,130006,,2019-09-27,2026-03-24 15:58:18
130007_Phigros_20190927,Phigros,130007,,2019-09-27,2026-03-24 15:58:18
130008_Phigros_20190927,Phigros,130008,,2019-09-27,2026-03-24 15:58:18
130009_Phigros_20190927,Phigros,130009,,2019-09-27,2026-03-24 15:58:18
130010_Phigros_20190927,Phigros,130010,,2019-09-27,2026-03-24 15:58:18
130011_Phigros_20190927,Phigros,130011,,2019-09-27,2026-03-24 15:58:18
130012_Phigros_20190927,Phigros,130012,,2019-09-27,2026-03-24 15:58:18
130013_Phigros_20190927,Phigros,130013,,2019-09-27,2026-03-24 15:58:18
130014_Phigros_20190927,Phigros,130014,,2019-09-27,2026-03-24 15:58:18
130015_Phigros_20190927,Phigros,130015,,2019-09-27,2026-03-24 15:58:18
130016_Phigros_20190927,Phigros,130016,,2019-09-27,2026-03-24 15:58:18
130017_Phigros_20190927,Phigros,130017,,2019-09-27,2026-03-24 15:58:18
130018_Phigros_20190927,Phigros,130018,,2019-09-27,2026-03-24 15:58:18
130019_Phigros_20190927,Phigros,130019,,2019-09-27,2026-03-24 15:58:18
130020_Phigros_20190927,Phigros,130020,,2019-09-27,2026-03-24 15:58:18
130140_Phigros_20190831,Phigros,130140,,2019-08-31,2026-03-24 15:58:18
130141_Phigros_20190831,Phigros,130141,,2019-08-31,2026-03-24 15:58:18
130142_Phigros_20190831,Phigros,130142,,2019-08-31,2026-03-24 15:58:18
130143_Phigros_20190831,Phigros,130143,,2019-08-31,2026-03-24 15:58:18
130144_Phigros_20190831,Phigros,130144,,2019-08-31,2026-03-24 15:58:18
130145_Phigros_20190831,Phigros,130145,,2019-08-31,2026-03-24 15:58:18
130146_Phigros_20190831,Phigros,130146,,2019-08-31,2026-03-24 15:58:18
130147_Phigros_20190831,Phigros,130147,,2019-08-31,2026-03-24 15:58:18
130148_Phigros_20190831,Phigros,130148,,2019-08-31,2026-03-24 15:58:18
130149_Phigros_20190831,Phigros,130149,,2019-08-31,2026-03-24 15:58:18
130150_Phigros_20190831,Phigros,130150,,2019-08-31,2026-03-24 15:58:18
140001_Orzmic_20210221,Orzmic,140001,,2021-02-21,2026-03-24 15:58:18
140002_Orzmic_20210221,Orzmic,140002,,2021-02-21,2026-03-24 15:58:18
140003_Orzmic_20210221,Orzmic,140003,,2021-02-21,2026-03-24 15:58:18
140004_Orzmic_20210221,Orzmic,140004,,2021-02-21,2026-03-24 15:58:18
140005_Orzmic_20210221,Orzmic,140005,,2021-02-21,2026-03-24 15:58:18
140006_Orzmic_20210221,Orzmic,140006,,2021-02-21,2026-03-24 15:58:18
140007_Orzmic_20210929,Orzmic,140007,,2021-09-29,2026-03-24 15:58:18
140008_Orzmic_20210221,Orzmic,140008,,2021-02-21,2026-03-24 15:58:18
140009_Orzmic_20210221,Orzmic,140009,,2021-02-21,2026-03-24 15:58:18
140010_Orzmic_20210221,Orzmic,140010,,2021-02-21,2026-03-24 15:58:18
140011_Orzmic_20210221,Orzmic,140011,,2021-02-21,2026-03-24 15:58:18
140012_Orzmic_20210221,Orzmic,140012,,2021-02-21,2026-03-24 15:58:18
140013_Orzmic_20210221,Orzmic,140013,,2021-02-21,2026-03-24 15:58:18
140014_Orzmic_20210221,Orzmic,140014,,2021-02-21,2026-03-24 15:58:18
140015_Orzmic_20210221,Orzmic,140015,,2021-02-21,2026-03-24 15:58:18
140016_Orzmic_20210618,Orzmic,140016,,2021-06-18,2026-03-24 15:58:18
140017_Orzmic_20210929,Orzmic,140017,,2021-09-29,2026-03-24 15:58:18
140018_Orzmic_20210929,Orzmic,140018,,2021-09-29,2026-03-24 15:58:18
140019_Orzmic_20210929,Orzmic,140019,,2021-09-29,2026-03-24 15:58:18
140020_Orzmic_20220304,Orzmic,140020,,2022-03-04,2026-03-24 15:58:18
140021_Orzmic_20220304,Orzmic,140021,,2022-03-04,2026-03-24 15:58:18
140022_Orzmic_20220304,Orzmic,140022,,2022-03-04,2026-03-24 15:58:18
140023_Orzmic_20220304,Orzmic,140023,,2022-03-04,2026-03-24 15:58:18
140024_Orzmic_20220304,Orzmic,140024,,2022-03-04,2026-03-24 15:58:18
140025_Orzmic_20221001,Orzmic,140025,,2022-10-01,2026-03-24 15:58:18
140026_Orzmic_20221001,Orzmic,140026,,2022-10-01,2026-03-24 15:58:18
140027_Orzmic_20221001,Orzmic,140027,,2022-10-01,2026-03-24 15:58:18
140028_Orzmic_20221001,Orzmic,140028,,2022-10-01,2026-03-24 15:58:18
140029_Orzmic_20221001,Orzmic,140029,,2022-10-01,2026-03-24 15:58:18
140030_Orzmic_20230224,Orzmic,140030,,2023-02-24,2026-03-24 15:58:18
140031_Orzmic_20230224,Orzmic,140031,,2023-02-24,2026-03-24 15:58:18
140032_Orzmic_20230224,Orzmic,140032,,2023-02-24,2026-03-24 15:58:18
140033_Orzmic_20230224,Orzmic,140033,,2023-02-24,2026-03-24 15:58:18
140034_Orzmic_20230224,Orzmic,140034,,2023-02-24,2026-03-24 15:58:18
140035_Orzmic_20231222,Orzmic,140035,,2023-12-22,2026-03-24 15:58:18
140036_Orzmic_20231222,Orzmic,140036,,2023-12-22,2026-03-24 15:58:18
140037_Orzmic_20231222,Orzmic,140037,,2023-12-22,2026-03-24 15:58:18
140038_Orzmic_20231222,Orzmic,140038,,2023-12-22,2026-03-24 15:58:18
140039_Orzmic_20231222,Orzmic,140039,,2023-12-22,2026-03-24 15:58:18
140040_Orzmic_20240113,Orzmic,140040,,2024-01-13,2026-03-24 15:58:18
140041_Orzmic_20240113,Orzmic,140041,,2024-01-13,2026-03-24 15:58:18
140042_Orzmic_20240113,Orzmic,140042,,2024-01-13,2026-03-24 15:58:18
140043_Orzmic_20240113,Orzmic,140043,,2024-01-13,2026-03-24 15:58:18
140044_Orzmic_20240113,Orzmic,140044,,2024-01-13,2026-03-24 15:58:18
140045_Orzmic_20210221,Orzmic,140045,,2021-02-21,2026-03-24 15:58:18
140046_Orzmic_20210221,Orzmic,140046,,2021-02-21,2026-03-24 15:58:18
140047_Orzmic_20210221,Orzmic,140047,,2021-02-21,2026-03-24 15:58:18
140048_Orzmic_20210221,Orzmic,140048,,2021-02-21,2026-03-24 15:58:18
140049_Orzmic_20220430,Orzmic,140049,,2022-04-30,2026-03-24 15:58:18
140050_Orzmic_20220430,Orzmic,140050,,2022-04-30,2026-03-24 15:58:18
140051_Orzmic_20220430,Orzmic,140051,,2022-04-30,2026-03-24 15:58:18
140052_Orzmic_20210411,Orzmic,140052,,2021-04-11,2026-03-24 15:58:18
140053_Orzmic_20210411,Orzmic,140053,,2021-04-11,2026-03-24 15:58:18
140054_Orzmic_20210411,Orzmic,140054,,2021-04-11,2026-03-24 15:58:18
140055_Orzmic_20210411,Orzmic,140055,,2021-04-11,2026-03-24 15:58:18
140056_Orzmic_20210411,Orzmic,140056,,2021-04-11,2026-03-24 15:58:18
140057_Orzmic_20220602,Orzmic,140057,,2022-06-02,2026-03-24 15:58:18
140058_Orzmic_20220602,Orzmic,140058,,2022-06-02,2026-03-24 15:58:18
140059_Orzmic_20220602,Orzmic,140059,,2022-06-02,2026-03-24 15:58:18
140060_Orzmic_20210618,Orzmic,140060,,2021-06-18,2026-03-24 15:58:18
140061_Orzmic_20210618,Orzmic,140061,,2021-06-18,2026-03-24 15:58:18
140062_Orzmic_20210221,Orzmic,140062,,2021-02-21,2026-03-24 15:58:18
140063_Orzmic_20210618,Orzmic,140063,,2021-06-18,2026-03-24 15:58:18
140064_Orzmic_20210618,Orzmic,140064,,2021-06-18,2026-03-24 15:58:18
140065_Orzmic_20210618,Orzmic,140065,,2021-06-18,2026-03-24 15:58:18
140066_Orzmic_20210618,Orzmic,140066,,2021-06-18,2026-03-24 15:58:18
140067_Orzmic_20210618,Orzmic,140067,,2021-06-18,2026-03-24 15:58:18
140068_Orzmic_20221212,Orzmic,140068,,2022-12-12,2026-03-24 15:58:18
140069_Orzmic_20221212,Orzmic,140069,,2022-12-12,2026-03-24 15:58:18
140070_Orzmic_20221212,Orzmic,140070,,2022-12-12,2026-03-24 15:58:18
140071_Orzmic_20221212,Orzmic,140071,,2022-12-12,2026-03-24 15:58:18
140072_Orzmic_20221212,Orzmic,140072,,2022-12-12,2026-03-24 15:58:18
140073_Orzmic_20241225,Orzmic,140073,,2024-12-25,2026-03-24 15:58:18
140074_Orzmic_20241225,Orzmic,140074,,2024-12-25,2026-03-24 15:58:18
140075_Orzmic_20241225,Orzmic,140075,,2024-12-25,2026-03-24 15:58:18
140076_Orzmic_20240622,Orzmic,140076,,2024-06-22,2026-03-24 15:58:18
140077_Orzmic_20240622,Orzmic,140077,,2024-06-22,2026-03-24 15:58:18
140078_Orzmic_20240622,Orzmic,140078,,2024-06-22,2026-03-24 15:58:18
140079_Orzmic_20240622,Orzmic,140079,,2024-06-22,2026-03-24 15:58:18
140080_Orzmic_20240622,Orzmic,140080,,2024-06-22,2026-03-24 15:58:18
140081_Orzmic_20210715,Orzmic,140081,,2021-07-15,2026-03-24 15:58:18
140082_Orzmic_20210715,Orzmic,140082,,2021-07-15,2026-03-24 15:58:18
140083_Orzmic_20210715,Orzmic,140083,,2021-07-15,2026-03-24 15:58:18
140084_Orzmic_20211217,Orzmic,140084,,2021-12-17,2026-03-24 15:58:18
140085_Orzmic_20211217,Orzmic,140085,,2021-12-17,2026-03-24 15:58:18
140086_Orzmic_20211217,Orzmic,140086,,2021-12-17,2026-03-24 15:58:18
140087_Orzmic_20230728,Orzmic,140087,,2023-07-28,2026-03-24 15:58:18
140088_Orzmic_20230728,Orzmic,140088,,2023-07-28,2026-03-24 15:58:18
140089_Orzmic_20230728,Orzmic,140089,,2023-07-28,2026-03-24 15:58:18
140090_Orzmic_20220825,Orzmic,140090,,2022-08-25,2026-03-24 15:58:18
140091_Orzmic_20220825,Orzmic,140091,,2022-08-25,2026-03-24 15:58:18
140092_Orzmic_20220825,Orzmic,140092,,2022-08-25,2026-03-24 15:58:18
140093_Orzmic_20230121,Orzmic,140093,,2023-01-21,2026-03-24 15:58:18
140094_Orzmic_20230121,Orzmic,140094,,2023-01-21,2026-03-24 15:58:18
140095_Orzmic_20230121,Orzmic,140095,,2023-01-21,2026-03-24 15:58:18
140096_Orzmic_20240920,Orzmic,140096,,2024-09-20,2026-03-24 15:58:18
140097_Orzmic_20230825,Orzmic,140097,,2023-08-25,2026-03-24 15:58:18
140098_Orzmic_20230825,Orzmic,140098,,2023-08-25,2026-03-24 15:58:18
140099_Orzmic_20230825,Orzmic,140099,,2023-08-25,2026-03-24 15:58:18
140100_Orzmic_20230922,Orzmic,140100,,2023-09-22,2026-03-24 15:58:18
140101_Orzmic_20240816,Orzmic,140101,,2024-08-16,2026-03-24 15:58:18
140102_Orzmic_20240816,Orzmic,140102,,2024-08-16,2026-03-24 15:58:18
140103_Orzmic_20240816,Orzmic,140103,,2024-08-16,2026-03-24 15:58:18
140104_Orzmic_20240920,Orzmic,140104,,2024-09-20,2026-03-24 15:58:18
140105_Orzmic_20240920,Orzmic,140105,,2024-09-20,2026-03-24 15:58:18
140106_Orzmic_20241019,Orzmic,140106,,2024-10-19,2026-03-24 15:58:18
140107_Orzmic_20241019,Orzmic,140107,,2024-10-19,2026-03-24 15:58:18
140108_Orzmic_20241019,Orzmic,140108,,2024-10-19,2026-03-24 15:58:18
140109_Orzmic_20221231,Orzmic,140109,,2022-12-31,2026-03-24 15:58:18
140110_Orzmic_20221231,Orzmic,140110,,2022-12-31,2026-03-24 15:58:18
140111_Orzmic_20221231,Orzmic,140111,,2022-12-31,2026-03-24 15:58:18
140112_Orzmic_20221231,Orzmic,140112,,2022-12-31,2026-03-24 15:58:18
140113_Orzmic_20230621,Orzmic,140113,,2023-06-21,2026-03-24 15:58:18
140114_Orzmic_20230621,Orzmic,140114,,2023-06-21,2026-03-24 15:58:18
140115_Orzmic_20230621,Orzmic,140115,,2023-06-21,2026-03-24 15:58:18
140116_Orzmic_20231118,Orzmic,140116,,2023-11-18,2026-03-24 15:58:18
140117_Orzmic_20231118,Orzmic,140117,,2023-11-18,2026-03-24 15:58:18
140118_Orzmic_20231118,Orzmic,140118,,2023-11-18,2026-03-24 15:58:18
140119_Orzmic_20240308,Orzmic,140119,,2024-03-08,2026-03-24 15:58:18
140120_Orzmic_20240308,Orzmic,140120,,2024-03-08,2026-03-24 15:58:18
140121_Orzmic_20240308,Orzmic,140121,,2024-03-08,2026-03-24 15:58:18
140122_Orzmic_20240308,Orzmic,140122,,2024-03-08,2026-03-24 15:58:18
140123_Orzmic_20240308,Orzmic,140123,,2024-03-08,2026-03-24 15:58:18
140124_Orzmic_20210929,Orzmic,140124,,2021-09-29,2026-03-24 15:58:18
140125_Orzmic_20210929,Orzmic,140125,,2021-09-29,2026-03-24 15:58:18
140126_Orzmic_20220304,Orzmic,140126,,2022-03-04,2026-03-24 15:58:18
140127_Orzmic_20221001,Orzmic,140127,,2022-10-01,2026-03-24 15:58:18
140128_Orzmic_20230224,Orzmic,140128,,2023-02-24,2026-03-24 15:58:18
140129_Orzmic_20231222,Orzmic,140129,,2023-12-22,2026-03-24 15:58:18
140130_Orzmic_20240113,Orzmic,140130,,2024-01-13,2026-03-24 15:58:18
140131_Orzmic_20210221,Orzmic,140131,,2021-02-21,2026-03-24 15:58:18
140132_Orzmic_20210221,Orzmic,140132,,2021-02-21,2026-03-24 15:58:18
140133_Orzmic_20210221,Orzmic,140133,,2021-02-21,2026-03-24 15:58:18
140134_Orzmic_20210307,Orzmic,140134,,2021-03-07,2026-03-24 15:58:18
140135_Orzmic_20210307,Orzmic,140135,,2021-03-07,2026-03-24 15:58:18
140136_Orzmic_20210307,Orzmic,140136,,2021-03-07,2026-03-24 15:58:18
140137_Orzmic_20210307,Orzmic,140137,,2021-03-07,2026-03-24 15:58:18
140138_Orzmic_20210501,Orzmic,140138,,2021-05-01,2026-03-24 15:58:18
140139_Orzmic_20210501,Orzmic,140139,,2021-05-01,2026-03-24 15:58:18
140140_Orzmic_20210501,Orzmic,140140,,2021-05-01,2026-03-24 15:58:18
140141_Orzmic_20210520,Orzmic,140141,,2021-05-20,2026-03-24 15:58:18
140142_Orzmic_20210603,Orzmic,140142,,2021-06-03,2026-03-24 15:58:18
140143_Orzmic_20210716,Orzmic,140143,,2021-07-16,2026-03-24 15:58:18
140144_Orzmic_20210822,Orzmic,140144,,2021-08-22,2026-03-24 15:58:18
140145_Orzmic_20211029,Orzmic,140145,,2021-10-29,2026-03-24 15:58:18
140146_Orzmic_20211029,Orzmic,140146,,2021-10-29,2026-03-24 15:58:18
140147_Orzmic_20211029,Orzmic,140147,,2021-10-29,2026-03-24 15:58:18
140148_Orzmic_20211029,Orzmic,140148,,2021-10-29,2026-03-24 15:58:18
140149_Orzmic_20220107,Orzmic,140149,,2022-01-07,2026-03-24 15:58:18
140150_Orzmic_20220304,Orzmic,140150,,2022-03-04,2026-03-24 15:58:18
140151_Orzmic_20220624,Orzmic,140151,,2022-06-24,2026-03-24 15:58:18
140152_Orzmic_20220624,Orzmic,140152,,2022-06-24,2026-03-24 15:58:18
140153_Orzmic_20220624,Orzmic,140153,,2022-06-24,2026-03-24 15:58:18
140154_Orzmic_20220729,Orzmic,140154,,2022-07-29,2026-03-24 15:58:18
140155_Orzmic_20220729,Orzmic,140155,,2022-07-29,2026-03-24 15:58:18
140156_Orzmic_20220729,Orzmic,140156,,2022-07-29,2026-03-24 15:58:18
140157_Orzmic_20220729,Orzmic,140157,,2022-07-29,2026-03-24 15:58:18
140158_Orzmic_20220916,Orzmic,140158,,2022-09-16,2026-03-24 15:58:18
140159_Orzmic_20221111,Orzmic,140159,,2022-11-11,2026-03-24 15:58:18
140160_Orzmic_20221111,Orzmic,140160,,2022-11-11,2026-03-24 15:58:18
140161_Orzmic_20221111,Orzmic,140161,,2022-11-11,2026-03-24 15:58:18
140162_Orzmic_20230121,Orzmic,140162,,2023-01-21,2026-03-24 15:58:18
140163_Orzmic_20230407,Orzmic,140163,,2023-04-07,2026-03-24 15:58:18
140164_Orzmic_20230407,Orzmic,140164,,2023-04-07,2026-03-24 15:58:18
140165_Orzmic_20230407,Orzmic,140165,,2023-04-07,2026-03-24 15:58:18
140166_Orzmic_20230519,Orzmic,140166,,2023-05-19,2026-03-24 15:58:18
140167_Orzmic_20230519,Orzmic,140167,,2023-05-19,2026-03-24 15:58:18
140168_Orzmic_20230519,Orzmic,140168,,2023-05-19,2026-03-24 15:58:18
140169_Orzmic_20230519,Orzmic,140169,,2023-05-19,2026-03-24 15:58:18
140170_Orzmic_20230519,Orzmic,140170,,2023-05-19,2026-03-24 15:58:18
140171_Orzmic_20240331,Orzmic,140171,,2024-03-31,2026-03-24 15:58:18
140172_Orzmic_20240816,Orzmic,140172,,2024-08-16,2026-03-24 15:58:18
140173_Orzmic_20240816,Orzmic,140173,,2024-08-16,2026-03-24 15:58:18
140174_Orzmic_20240816,Orzmic,140174,,2024-08-16,2026-03-24 15:58:18
150001_Rizline_20221215,Rizline,150001,,2022-12-15,2026-03-24 15:58:18
150002_Rizline_20221215,Rizline,150002,,2022-12-15,2026-03-24 15:58:18
150003_Rizline_20221215,Rizline,150003,,2022-12-15,2026-03-24 15:58:18
150004_Rizline_20221215,Rizline,150004,,2022-12-15,2026-03-24 15:58:18
150005_Rizline_20221215,Rizline,150005,,2022-12-15,2026-03-24 15:58:18
150006_Rizline_20221215,Rizline,150006,,2022-12-15,2026-03-24 15:58:18
150007_Rizline_20221215,Rizline,150007,,2022-12-15,2026-03-24 15:58:18
150008_Rizline_20221215,Rizline,150008,,2022-12-15,2026-03-24 15:58:18
150009_Rizline_20221215,Rizline,150009,,2022-12-15,2026-03-24 15:58:18
150010_Rizline_20221215,Rizline,150010,,2022-12-15,2026-03-24 15:58:18
150011_Rizline_20221215,Rizline,150011,,2022-12-15,2026-03-24 15:58:18
150012_Rizline_20221215,Rizline,150012,,2022-12-15,2026-03-24 15:58:18
150013_Rizline_20221215,Rizline,150013,,2022-12-15,2026-03-24 15:58:18
150014_Rizline_20221215,Rizline,150014,,2022-12-15,2026-03-24 15:58:18
150015_Rizline_20221215,Rizline,150015,,2022-12-15,2026-03-24 15:58:18
150016_Rizline_20221215,Rizline,150016,,2022-12-15,2026-03-24 15:58:18
150017_Rizline_20221215,Rizline,150017,,2022-12-15,2026-03-24 15:58:18
150018_Rizline_20221215,Rizline,150018,,2022-12-15,2026-03-24 15:58:18
150019_Rizline_20221215,Rizline,150019,,2022-12-15,2026-03-24 15:58:18
150020_Rizline_20221215,Rizline,150020,,2022-12-15,2026-03-24 15:58:18
150021_Rizline_20221215,Rizline,150021,,2022-12-15,2026-03-24 15:58:18
150022_Rizline_20221215,Rizline,150022,,2022-12-15,2026-03-24 15:58:18
150023_Rizline_20221215,Rizline,150023,,2022-12-15,2026-03-24 15:58:18
150024_Rizline_20221215,Rizline,150024,,2022-12-15,2026-03-24 15:58:18
150025_Rizline_20221215,Rizline,150025,,2022-12-15,2026-03-24 15:58:18
150026_Rizline_20221215,Rizline,150026,,2022-12-15,2026-03-24 15:58:18
150027_Rizline_20221215,Rizline,150027,,2022-12-15,2026-03-24 15:58:18
150028_Rizline_20221215,Rizline,150028,,2022-12-15,2026-03-24 15:58:18
150029_Rizline_20221215,Rizline,150029,,2022-12-15,2026-03-24 15:58:18
150030_Rizline_20221215,Rizline,150030,,2022-12-15,2026-03-24 15:58:18
150031_Rizline_20230120,Rizline,150031,,2023-01-20,2026-03-24 15:58:18
150032_Rizline_20230120,Rizline,150032,,2023-01-20,2026-03-24 15:58:18
150033_Rizline_20230120,Rizline,150033,,2023-01-20,2026-03-24 15:58:18
150034_Rizline_20230410,Rizline,150034,,2023-04-10,2026-03-24 15:58:18
150035_Rizline_20230901,Rizline,150035,,2023-09-01,2026-03-24 15:58:18
150036_Rizline_20231110,Rizline,150036,,2023-11-10,2026-03-24 15:58:18
150037_Rizline_20240501,Rizline,150037,,2024-05-01,2026-03-24 15:58:18
150038_Rizline_20240726,Rizline,150038,,2024-07-26,2026-03-24 15:58:18
150039_Rizline_20240726,Rizline,150039,,2024-07-26,2026-03-24 15:58:18
150040_Rizline_20240726,Rizline,150040,,2024-07-26,2026-03-24 15:58:18
150041_Rizline_20240920,Rizline,150041,,2024-09-20,2026-03-24 15:58:18
150042_Rizline_20240920,Rizline,150042,,2024-09-20,2026-03-24 15:58:18
150043_Rizline_20250111,Rizline,150043,,2025-01-11,2026-03-24 15:58:18
150044_Rizline_20230410,Rizline,150044,,2023-04-10,2026-03-24 15:58:18
150045_Rizline_20230410,Rizline,150045,,2023-04-10,2026-03-24 15:58:18
150046_Rizline_20230410,Rizline,150046,,2023-04-10,2026-03-24 15:58:18
150047_Rizline_20230707,Rizline,150047,,2023-07-07,2026-03-24 15:58:18
150048_Rizline_20230901,Rizline,150048,,2023-09-01,2026-03-24 15:58:18
150049_Rizline_20230915,Rizline,150049,,2023-09-15,2026-03-24 15:58:18
150050_Rizline_20230929,Rizline,150050,,2023-09-29,2026-03-24 15:58:18
150051_Rizline_20231006,Rizline,150051,,2023-10-06,2026-03-24 15:58:18
150052_Rizline_20231006,Rizline,150052,,2023-10-06,2026-03-24 15:58:18
150053_Rizline_20231013,Rizline,150053,,2023-10-13,2026-03-24 15:58:18
150054_Rizline_20231110,Rizline,150054,,2023-11-10,2026-03-24 15:58:18
150055_Rizline_20231124,Rizline,150055,,2023-11-24,2026-03-24 15:58:18
150056_Rizline_20231201,Rizline,150056,,2023-12-01,2026-03-24 15:58:18
150057_Rizline_20231208,Rizline,150057,,2023-12-08,2026-03-24 15:58:18
150058_Rizline_20231222,Rizline,150058,,2023-12-22,2026-03-24 15:58:18
150059_Rizline_20240126,Rizline,150059,,2024-01-26,2026-03-24 15:58:18
150060_Rizline_20240322,Rizline,150060,,2024-03-22,2026-03-24 15:58:18
150061_Rizline_20240329,Rizline,150061,,2024-03-29,2026-03-24 15:58:18
150062_Rizline_20240405,Rizline,150062,,2024-04-05,2026-03-24 15:58:18
150063_Rizline_20240517,Rizline,150063,,2024-05-17,2026-03-24 15:58:18
150064_Rizline_20240524,Rizline,150064,,2024-05-24,2026-03-24 15:58:18
150065_Rizline_20240531,Rizline,150065,,2024-05-31,2026-03-24 15:58:18
150066_Rizline_20240621,Rizline,150066,,2024-06-21,2026-03-24 15:58:18
150067_Rizline_20240628,Rizline,150067,,2024-06-28,2026-03-24 15:58:18
150068_Rizline_20240705,Rizline,150068,,2024-07-05,2026-03-24 15:58:18
150069_Rizline_20240816,Rizline,150069,,2024-08-16,2026-03-24 15:58:18
150070_Rizline_20240825,Rizline,150070,,2024-08-25,2026-03-24 15:58:18
150071_Rizline_20240825,Rizline,150071,,2024-08-25,2026-03-24 15:58:18
150072_Rizline_20240825,Rizline,150072,,2024-08-25,2026-03-24 15:58:18
150073_Rizline_20240825,Rizline,150073,,2024-08-25,2026-03-24 15:58:18
150074_Rizline_20240825,Rizline,150074,,2024-08-25,2026-03-24 15:58:18
150075_Rizline_20240825,Rizline,150075,,2024-08-25,2026-03-24 15:58:18
150076_Rizline_20241025,Rizline,150076,,2024-10-25,2026-03-24 15:58:18
150077_Rizline_20241025,Rizline,150077,,2024-10-25,2026-03-24 15:58:18
150078_Rizline_20241025,Rizline,150078,,2024-10-25,2026-03-24 15:58:18
150079_Rizline_20241108,Rizline,150079,,2024-11-08,2026-03-24 15:58:18
150080_Rizline_20241108,Rizline,150080,,2024-11-08,2026-03-24 15:58:18
150081_Rizline_20241225,Rizline,150081,,2024-12-25,2026-03-24 15:58:18
150082_Rizline_20250128,Rizline,150082,,2025-01-28,2026-03-24 15:58:18
150083_Rizline_20250128,Rizline,150083,,2025-01-28,2026-03-24 15:58:18
150084_Rizline_20250128,Rizline,150084,,2025-01-28,2026-03-24 15:58:18
150085_Rizline_20240503,Rizline,150085,,2024-05-03,2026-03-24 15:58:18
