rel_id,song_id,author_id,合作类型,备注,最新更新时间
110001_A001,110001,A001,,,2026-03-24 01:48:46
110002_A002,110002,A002,,,2026-03-24 01:48:46
110003_A003,110003,A003,,,2026-03-24 01:48:46
110004_A004,110004,A004,,,2026-03-24 01:48:46
110005_A005,110005,A005,,,2026-03-24 01:48:46
110006_A006,110006,A006,,,2026-03-24 01:48:46
110007_A007,110007,A007,,,2026-03-24 01:48:46
110008_A008,110008,A008,,,2026-03-24 01:48:46
110009_A009,110009,A009,,,2026-03-24 01:48:46
110010_A010,110010,A010,,,2026-03-24 01:48:46
110011_A011,110011,A011,,,2026-03-24 01:48:46
110012_A012,110012,A012,,,2026-03-24 01:48:46
110013_A013,110013,A013,,,2026-03-24 01:48:46
110014_A014,110014,A014,,,2026-03-24 01:48:46
110015_A015,110015,A015,,,2026-03-24 01:48:46
110016_A016,110016,A016,,,2026-03-24 01:48:46
110017_A017,110017,A017,,,2026-03-24 01:48:46
110018_A018,110018,A018,,,2026-03-24 01:48:46
110019_A019,110019,A019,,,2026-03-24 01:48:46
110020_A020,110020,A020,,,2026-03-24 01:48:46
110021_A021,110021,A021,,,2026-03-24 01:48:46
110022_A022,110022,A022,,,2026-03-24 01:48:46
110023_A023,110023,A023,,,2026-03-24 01:48:46
110024_A024,110024,A024,,,2026-03-24 01:48:46
110025_A024,110025,A024,,,2026-03-24 01:48:46
110026_A005,110026,A005,,,2026-03-24 01:48:46
110027_A025,110027,A025,,,2026-03-24 01:48:46
110028_A026,110028,A026,,,2026-03-24 01:48:46
110029_A027,110029,A027,,,2026-03-24 01:48:46
110030_A028,110030,A028,,,2026-03-24 01:48:46
110031_A029,110031,A029,,,2026-03-24 01:48:46
110032_A030,110032,A030,,,2026-03-24 01:48:46
110033_A031,110033,A031,,,2026-03-24 01:48:46
110034_A032,110034,A032,,,2026-03-24 01:48:46
110035_A033,110035,A033,,,2026-03-24 01:48:46
110036_A034,110036,A034,,,2026-03-24 01:48:46
110037_A035,110037,A035,,,2026-03-24 01:48:46
110038_A036,110038,A036,,,2026-03-24 01:48:46
110039_A037,110039,A037,,,2026-03-24 01:48:46
110040_A038,110040,A038,,,2026-03-24 01:48:46
110041_A039,110041,A039,,,2026-03-24 01:48:46
110042_A040,110042,A040,,,2026-03-24 01:48:46
110043_A041,110043,A041,,,2026-03-24 01:48:46
110044_A042,110044,A042,,,2026-03-24 01:48:46
110045_A043,110045,A043,,,2026-03-24 01:48:46
110046_A044,110046,A044,,,2026-03-24 01:48:46
110047_A045,110047,A045,,,2026-03-24 01:48:46
110048_A046,110048,A046,,,2026-03-24 01:48:46
110049_A047,110049,A047,,,2026-03-24 01:48:46
110050_A048,110050,A048,,,2026-03-24 01:48:46
110051_A049,110051,A049,,,2026-03-24 01:48:46
110052_A041,110052,A041,,,2026-03-24 01:48:46
110053_A050,110053,A050,,,2026-03-24 01:48:46
110054_A051,110054,A051,,,2026-03-24 01:48:46
110055_A012,110055,A012,,,2026-03-24 01:48:46
110056_A052,110056,A052,,,2026-03-24 01:48:46
110057_A012,110057,A012,,,2026-03-24 01:48:46
110058_A053,110058,A053,,,2026-03-24 01:48:46
110059_A054,110059,A054,,,2026-03-24 01:48:46
110060_A055,110060,A055,,,2026-03-24 01:48:46
110061_A056,110061,A056,,,2026-03-24 01:48:46
110062_A057,110062,A057,,,2026-03-24 01:48:46
110063_A058,110063,A058,,,2026-03-24 01:48:46
110064_A059,110064,A059,,,2026-03-24 01:48:46
110065_A060,110065,A060,,,2026-03-24 01:48:46
110066_A061,110066,A061,,,2026-03-24 01:48:46
110067_A062,110067,A062,,,2026-03-24 01:48:46
110068_A058,110068,A058,,,2026-03-24 01:48:46
110069_A063,110069,A063,,,2026-03-24 01:48:46
110070_A064,110070,A064,,,2026-03-24 01:48:46
110071_A065,110071,A065,,,2026-03-24 01:48:46
110072_A066,110072,A066,,,2026-03-24 01:48:46
110073_A062,110073,A062,,,2026-03-24 01:48:46
110074_A067,110074,A067,,,2026-03-24 01:48:46
110075_A068,110075,A068,,,2026-03-24 01:48:46
110076_A069,110076,A069,,,2026-03-24 01:48:46
110077_A023,110077,A023,,,2026-03-24 01:48:46
110078_A070,110078,A070,,,2026-03-24 01:48:46
110079_A071,110079,A071,,,2026-03-24 01:48:46
110080_A072,110080,A072,,,2026-03-24 01:48:46
110081_A073,110081,A073,,,2026-03-24 01:48:46
110082_A074,110082,A074,,,2026-03-24 01:48:46
110083_A008,110083,A008,,,2026-03-24 01:48:46
110084_A075,110084,A075,,,2026-03-24 01:48:46
110085_A076,110085,A076,,,2026-03-24 01:48:46
110086_A077,110086,A077,,,2026-03-24 01:48:46
110087_A078,110087,A078,,,2026-03-24 01:48:46
110088_A079,110088,A079,,,2026-03-24 01:48:46
110089_A080,110089,A080,,,2026-03-24 01:48:46
110090_A081,110090,A081,,,2026-03-24 01:48:46
110091_A011,110091,A011,,,2026-03-24 01:48:46
110092_A082,110092,A082,,,2026-03-24 01:48:46
110093_A083,110093,A083,,,2026-03-24 01:48:46
110094_A084,110094,A084,,,2026-03-24 01:48:46
110095_A085,110095,A085,,,2026-03-24 01:48:46
110096_A086,110096,A086,,,2026-03-24 01:48:46
110097_A087,110097,A087,,,2026-03-24 01:48:46
110098_A088,110098,A088,,,2026-03-24 01:48:46
110099_A089,110099,A089,,,2026-03-24 01:48:46
110100_A090,110100,A090,,,2026-03-24 01:48:46
110101_A091,110101,A091,,,2026-03-24 01:48:46
110102_A092,110102,A092,,,2026-03-24 01:48:46
110103_A091,110103,A091,,,2026-03-24 01:48:46
110104_A093,110104,A093,,,2026-03-24 01:48:46
110105_A094,110105,A094,,,2026-03-24 01:48:46
110106_A094,110106,A094,,,2026-03-24 01:48:46
110107_A095,110107,A095,,,2026-03-24 01:48:46
110108_A096,110108,A096,,,2026-03-24 01:48:46
110109_A041,110109,A041,,,2026-03-24 01:48:46
110110_A097,110110,A097,,,2026-03-24 01:48:46
110111_A098,110111,A098,,,2026-03-24 01:48:46
110112_A099,110112,A099,,,2026-03-24 01:48:46
110113_A100,110113,A100,,,2026-03-24 01:48:46
110114_A101,110114,A101,,,2026-03-24 01:48:46
110115_A089,110115,A089,,,2026-03-24 01:48:46
110116_A102,110116,A102,,,2026-03-24 01:48:46
110117_A103,110117,A103,,,2026-03-24 01:48:46
110118_A104,110118,A104,,,2026-03-24 01:48:46
110119_A105,110119,A105,,,2026-03-24 01:48:46
110120_A106,110120,A106,,,2026-03-24 01:48:46
110121_A079,110121,A079,,,2026-03-24 01:48:46
110122_A107,110122,A107,,,2026-03-24 01:48:46
110123_A040,110123,A040,,,2026-03-24 01:48:46
110124_A108,110124,A108,,,2026-03-24 01:48:46
110125_A109,110125,A109,,,2026-03-24 01:48:46
110126_A110,110126,A110,,,2026-03-24 01:48:46
110127_A111,110127,A111,,,2026-03-24 01:48:46
110128_A112,110128,A112,,,2026-03-24 01:48:46
110129_A113,110129,A113,,,2026-03-24 01:48:46
110130_A114,110130,A114,,,2026-03-24 01:48:46
110131_A115,110131,A115,,,2026-03-24 01:48:46
110132_A116,110132,A116,,,2026-03-24 01:48:46
110133_A022,110133,A022,,,2026-03-24 01:48:46
110134_A054,110134,A054,,,2026-03-24 01:48:46
110135_A117,110135,A117,,,2026-03-24 01:48:46
110136_A118,110136,A118,,,2026-03-24 01:48:46
110137_A119,110137,A119,,,2026-03-24 01:48:46
110138_A120,110138,A120,,,2026-03-24 01:48:46
110139_A043,110139,A043,,,2026-03-24 01:48:46
110140_A111,110140,A111,,,2026-03-24 01:48:46
110141_A121,110141,A121,,,2026-03-24 01:48:46
110142_A122,110142,A122,,,2026-03-24 01:48:46
110143_A123,110143,A123,,,2026-03-24 01:48:46
110144_A124,110144,A124,,,2026-03-24 01:48:46
110145_A125,110145,A125,,,2026-03-24 01:48:46
110146_A126,110146,A126,,,2026-03-24 01:48:46
110147_A094,110147,A094,,,2026-03-24 01:48:46
110148_A127,110148,A127,,,2026-03-24 01:48:46
110149_A128,110149,A128,,,2026-03-24 01:48:46
110150_A129,110150,A129,,,2026-03-24 01:48:46
110151_A130,110151,A130,,,2026-03-24 01:48:46
110152_A043,110152,A043,,,2026-03-24 01:48:46
110153_A052,110153,A052,,,2026-03-24 01:48:46
110154_A094,110154,A094,,,2026-03-24 01:48:46
110155_A023,110155,A023,,,2026-03-24 01:48:46
110156_A131,110156,A131,,,2026-03-24 01:48:46
110157_A034,110157,A034,,,2026-03-24 01:48:46
110158_A096,110158,A096,,,2026-03-24 01:48:46
110159_A132,110159,A132,,,2026-03-24 01:48:46
110160_A016,110160,A016,,,2026-03-24 01:48:46
110161_A133,110161,A133,,,2026-03-24 01:48:46
110162_A134,110162,A134,,,2026-03-24 01:48:46
110163_A012,110163,A012,,,2026-03-24 01:48:46
110164_A135,110164,A135,,,2026-03-24 01:48:46
110165_A056,110165,A056,,,2026-03-24 01:48:46
110166_A043,110166,A043,,,2026-03-24 01:48:46
110167_A136,110167,A136,,,2026-03-24 01:48:46
110168_A130,110168,A130,,,2026-03-24 01:48:46
110169_A137,110169,A137,,,2026-03-24 01:48:46
110170_A043,110170,A043,,,2026-03-24 01:48:46
110171_A138,110171,A138,,,2026-03-24 01:48:46
110172_A139,110172,A139,,,2026-03-24 01:48:46
110173_A140,110173,A140,,,2026-03-24 01:48:46
110174_A141,110174,A141,,,2026-03-24 01:48:46
110175_A142,110175,A142,,,2026-03-24 01:48:46
110176_A143,110176,A143,,,2026-03-24 01:48:46
110177_A144,110177,A144,,,2026-03-24 01:48:46
110178_A145,110178,A145,,,2026-03-24 01:48:46
110179_A089,110179,A089,,,2026-03-24 01:48:46
110180_A146,110180,A146,,,2026-03-24 01:48:46
110181_A147,110181,A147,,,2026-03-24 01:48:46
110182_A148,110182,A148,,,2026-03-24 01:48:46
110183_A149,110183,A149,,,2026-03-24 01:48:46
110184_A150,110184,A150,,,2026-03-24 01:48:46
110185_A043,110185,A043,,,2026-03-24 01:48:46
110186_A151,110186,A151,,,2026-03-24 01:48:46
110187_A152,110187,A152,,,2026-03-24 01:48:46
110188_A153,110188,A153,,,2026-03-24 01:48:46
110189_A154,110189,A154,,,2026-03-24 01:48:46
110190_A155,110190,A155,,,2026-03-24 01:48:46
110191_A043,110191,A043,,,2026-03-24 01:48:46
110192_A126,110192,A126,,,2026-03-24 01:48:46
110193_A156,110193,A156,,,2026-03-24 01:48:46
110194_A157,110194,A157,,,2026-03-24 01:48:46
110195_A106,110195,A106,,,2026-03-24 01:48:46
110196_A158,110196,A158,,,2026-03-24 01:48:46
110197_A159,110197,A159,,,2026-03-24 01:48:46
110198_A160,110198,A160,,,2026-03-24 01:48:46
110199_A091,110199,A091,,,2026-03-24 01:48:46
110200_A161,110200,A161,,,2026-03-24 01:48:46
110201_A162,110201,A162,,,2026-03-24 01:48:46
110202_A163,110202,A163,,,2026-03-24 01:48:46
110203_A164,110203,A164,,,2026-03-24 01:48:46
110204_A165,110204,A165,,,2026-03-24 01:48:46
110205_A166,110205,A166,,,2026-03-24 01:48:46
110206_A011,110206,A011,,,2026-03-24 01:48:46
110207_A167,110207,A167,,,2026-03-24 01:48:46
110208_A168,110208,A168,,,2026-03-24 01:48:46
110209_A169,110209,A169,,,2026-03-24 01:48:46
110210_A170,110210,A170,,,2026-03-24 01:48:46
110211_A171,110211,A171,,,2026-03-24 01:48:46
110212_A172,110212,A172,,,2026-03-24 01:48:46
110213_A173,110213,A173,,,2026-03-24 01:48:46
110214_A174,110214,A174,,,2026-03-24 01:48:46
110215_A164,110215,A164,,,2026-03-24 01:48:46
110216_A175,110216,A175,,,2026-03-24 01:48:46
110217_A176,110217,A176,,,2026-03-24 01:48:46
110218_A177,110218,A177,,,2026-03-24 01:48:46
110219_A072,110219,A072,,,2026-03-24 01:48:46
110220_A178,110220,A178,,,2026-03-24 01:48:46
110221_A012,110221,A012,,,2026-03-24 01:48:46
110222_A179,110222,A179,,,2026-03-24 01:48:46
110223_A068,110223,A068,,,2026-03-24 01:48:46
110224_A081,110224,A081,,,2026-03-24 01:48:46
110225_A004,110225,A004,,,2026-03-24 01:48:46
110226_A180,110226,A180,,,2026-03-24 01:48:46
110227_A181,110227,A181,,,2026-03-24 01:48:46
110228_A182,110228,A182,,,2026-03-24 01:48:46
110229_A179,110229,A179,,,2026-03-24 01:48:46
110230_A183,110230,A183,,,2026-03-24 01:48:46
110231_A182,110231,A182,,,2026-03-24 01:48:46
110232_A168,110232,A168,,,2026-03-24 01:48:46
110233_A184,110233,A184,,,2026-03-24 01:48:46
110234_A185,110234,A185,,,2026-03-24 01:48:46
110235_A186,110235,A186,,,2026-03-24 01:48:46
110236_A187,110236,A187,,,2026-03-24 01:48:46
110237_A174,110237,A174,,,2026-03-24 01:48:46
110238_A188,110238,A188,,,2026-03-24 01:48:46
110239_A043,110239,A043,,,2026-03-24 01:48:46
110240_A189,110240,A189,,,2026-03-24 01:48:46
110241_A190,110241,A190,,,2026-03-24 01:48:46
110242_A043,110242,A043,,,2026-03-24 01:48:46
110243_A191,110243,A191,,,2026-03-24 01:48:46
110244_A171,110244,A171,,,2026-03-24 01:48:46
110245_A192,110245,A192,,,2026-03-24 01:48:46
110246_A193,110246,A193,,,2026-03-24 01:48:46
110247_A191,110247,A191,,,2026-03-24 01:48:46
110248_A194,110248,A194,,,2026-03-24 01:48:46
110249_A186,110249,A186,,,2026-03-24 01:48:46
110250_A043,110250,A043,,,2026-03-24 01:48:46
110251_A043,110251,A043,,,2026-03-24 01:48:46
110252_A195,110252,A195,,,2026-03-24 01:48:46
120001_A016,120001,A016,,,2026-03-24 01:48:46
120002_A196,120002,A196,,,2026-03-24 01:48:46
120003_A188,120003,A188,,,2026-03-24 01:48:46
120004_A197,120004,A197,,,2026-03-24 01:48:46
120005_A198,120005,A198,,,2026-03-24 01:48:46
120006_A105,120006,A105,,,2026-03-24 01:48:46
120007_A199,120007,A199,,,2026-03-24 01:48:46
120008_A200,120008,A200,,,2026-03-24 01:48:46
120009_A201,120009,A201,,,2026-03-24 01:48:46
120010_A015,120010,A015,,,2026-03-24 01:48:46
120011_A038,120011,A038,,,2026-03-24 01:48:46
120012_A065,120012,A065,,,2026-03-24 01:48:46
120013_A202,120013,A202,,,2026-03-24 01:48:46
120014_A105,120014,A105,,,2026-03-24 01:48:46
120015_A203,120015,A203,,,2026-03-24 01:48:46
120016_A181,120016,A181,,,2026-03-24 01:48:46
120017_A204,120017,A204,,,2026-03-24 01:48:46
120018_A094,120018,A094,,,2026-03-24 01:48:46
120019_A205,120019,A205,,,2026-03-24 01:48:46
120020_A206,120020,A206,,,2026-03-24 01:48:46
120021_A016,120021,A016,,,2026-03-24 01:48:46
120022_A207,120022,A207,,,2026-03-24 01:48:46
120023_A208,120023,A208,,,2026-03-24 01:48:46
120024_A209,120024,A209,,,2026-03-24 01:48:46
120025_A210,120025,A210,,,2026-03-24 01:48:46
120026_A197,120026,A197,,,2026-03-24 01:48:46
120027_A206,120027,A206,,,2026-03-24 01:48:46
120028_A188,120028,A188,,,2026-03-24 01:48:46
120029_A197,120029,A197,,,2026-03-24 01:48:46
120030_A156,120030,A156,,,2026-03-24 01:48:46
120031_A065,120031,A065,,,2026-03-24 01:48:46
120032_A016,120032,A016,,,2026-03-24 01:48:46
120033_A038,120033,A038,,,2026-03-24 01:48:46
120034_A211,120034,A211,,,2026-03-24 01:48:46
120035_A198,120035,A198,,,2026-03-24 01:48:46
120036_A212,120036,A212,,,2026-03-24 01:48:46
120037_A213,120037,A213,,,2026-03-24 01:48:46
120038_A214,120038,A214,,,2026-03-24 01:48:46
120039_A215,120039,A215,,,2026-03-24 01:48:46
120040_A216,120040,A216,,,2026-03-24 01:48:46
120041_A008,120041,A008,,,2026-03-24 01:48:46
120042_A217,120042,A217,,,2026-03-24 01:48:46
120043_A218,120043,A218,,,2026-03-24 01:48:46
120044_A219,120044,A219,,,2026-03-24 01:48:46
120045_A011,120045,A011,,,2026-03-24 01:48:46
120046_A011,120046,A011,,,2026-03-24 01:48:46
120047_A011,120047,A011,,,2026-03-24 01:48:46
120048_A011,120048,A011,,,2026-03-24 01:48:46
120049_A220,120049,A220,,,2026-03-24 01:48:46
120050_A220,120050,A220,,,2026-03-24 01:48:46
120051_A220,120051,A220,,,2026-03-24 01:48:46
120052_A007,120052,A007,,,2026-03-24 01:48:46
120053_A007,120053,A007,,,2026-03-24 01:48:46
120054_A007,120054,A007,,,2026-03-24 01:48:46
120055_A074,120055,A074,,,2026-03-24 01:48:46
120056_A048,120056,A048,,,2026-03-24 01:48:46
120057_A221,120057,A221,,,2026-03-24 01:48:46
120058_A167,120058,A167,,,2026-03-24 01:48:46
120059_A222,120059,A222,,,2026-03-24 01:48:46
120060_A188,120060,A188,,,2026-03-24 01:48:46
120061_A007,120061,A007,,,2026-03-24 01:48:46
120062_A082,120062,A082,,,2026-03-24 01:48:46
120063_A188,120063,A188,,,2026-03-24 01:48:46
120064_A077,120064,A077,,,2026-03-24 01:48:46
120065_A197,120065,A197,,,2026-03-24 01:48:46
120066_A181,120066,A181,,,2026-03-24 01:48:46
120067_A043,120067,A043,,,2026-03-24 01:48:46
120068_A106,120068,A106,,,2026-03-24 01:48:46
120069_A052,120069,A052,,,2026-03-24 01:48:46
120070_A223,120070,A223,,,2026-03-24 01:48:46
120071_A224,120071,A224,,,2026-03-24 01:48:46
120072_A043,120072,A043,,,2026-03-24 01:48:46
120073_A022,120073,A022,,,2026-03-24 01:48:46
120074_A225,120074,A225,,,2026-03-24 01:48:46
120075_A105,120075,A105,,,2026-03-24 01:48:46
120076_A128,120076,A128,,,2026-03-24 01:48:46
120077_A226,120077,A226,,,2026-03-24 01:48:46
120078_A227,120078,A227,,,2026-03-24 01:48:46
120079_A228,120079,A228,,,2026-03-24 01:48:46
120080_A229,120080,A229,,,2026-03-24 01:48:46
120081_A230,120081,A230,,,2026-03-24 01:48:46
120082_A106,120082,A106,,,2026-03-24 01:48:46
120083_A231,120083,A231,,,2026-03-24 01:48:46
120084_A232,120084,A232,,,2026-03-24 01:48:46
120085_A005,120085,A005,,,2026-03-24 01:48:46
120086_A016,120086,A016,,,2026-03-24 01:48:46
120087_A105,120087,A105,,,2026-03-24 01:48:46
120088_A216,120088,A216,,,2026-03-24 01:48:46
120089_A116,120089,A116,,,2026-03-24 01:48:46
120090_A233,120090,A233,,,2026-03-24 01:48:46
120091_A215,120091,A215,,,2026-03-24 01:48:46
120092_A234,120092,A234,,,2026-03-24 01:48:46
120093_A235,120093,A235,,,2026-03-24 01:48:46
120094_A236,120094,A236,,,2026-03-24 01:48:46
120095_A041,120095,A041,,,2026-03-24 01:48:46
120096_A237,120096,A237,,,2026-03-24 01:48:46
120097_A123,120097,A123,,,2026-03-24 01:48:46
120098_A006,120098,A006,,,2026-03-24 01:48:46
120099_A034,120099,A034,,,2026-03-24 01:48:46
120100_A238,120100,A238,,,2026-03-24 01:48:46
120101_A047,120101,A047,,,2026-03-24 01:48:46
120102_A239,120102,A239,,,2026-03-24 01:48:46
120103_A061,120103,A061,,,2026-03-24 01:48:46
120104_A206,120104,A206,,,2026-03-24 01:48:46
120105_A240,120105,A240,,,2026-03-24 01:48:46
120106_A116,120106,A116,,,2026-03-24 01:48:46
120107_A241,120107,A241,,,2026-03-24 01:48:46
120108_A242,120108,A242,,,2026-03-24 01:48:46
120109_A240,120109,A240,,,2026-03-24 01:48:46
120110_A040,120110,A040,,,2026-03-24 01:48:46
120111_A243,120111,A243,,,2026-03-24 01:48:46
120112_A243,120112,A243,,,2026-03-24 01:48:46
120113_A244,120113,A244,,,2026-03-24 01:48:46
120114_A148,120114,A148,,,2026-03-24 01:48:46
120115_A024,120115,A024,,,2026-03-24 01:48:46
120116_A245,120116,A245,,,2026-03-24 01:48:46
120117_A246,120117,A246,,,2026-03-24 01:48:46
120118_A247,120118,A247,,,2026-03-24 01:48:46
120119_A157,120119,A157,,,2026-03-24 01:48:46
120120_A157,120120,A157,,,2026-03-24 01:48:46
120121_A030,120121,A030,,,2026-03-24 01:48:46
120122_A248,120122,A248,,,2026-03-24 01:48:46
120123_A034,120123,A034,,,2026-03-24 01:48:46
120124_A032,120124,A032,,,2026-03-24 01:48:46
120125_A249,120125,A249,,,2026-03-24 01:48:46
120126_A025,120126,A025,,,2026-03-24 01:48:46
120127_A250,120127,A250,,,2026-03-24 01:48:46
120128_A131,120128,A131,,,2026-03-24 01:48:46
120129_A251,120129,A251,,,2026-03-24 01:48:46
120130_A252,120130,A252,,,2026-03-24 01:48:46
120131_A238,120131,A238,,,2026-03-24 01:48:46
120132_A253,120132,A253,,,2026-03-24 01:48:46
120133_A034,120133,A034,,,2026-03-24 01:48:46
120134_A118,120134,A118,,,2026-03-24 01:48:46
120135_A254,120135,A254,,,2026-03-24 01:48:46
120136_A035,120136,A035,,,2026-03-24 01:48:46
120137_A255,120137,A255,,,2026-03-24 01:48:46
120138_A083,120138,A083,,,2026-03-24 01:48:46
120139_A063,120139,A063,,,2026-03-24 01:48:46
120140_A016,120140,A016,,,2026-03-24 01:48:46
120141_A037,120141,A037,,,2026-03-24 01:48:46
120142_A256,120142,A256,,,2026-03-24 01:48:46
120143_A257,120143,A257,,,2026-03-24 01:48:46
120144_A258,120144,A258,,,2026-03-24 01:48:46
120145_A081,120145,A081,,,2026-03-24 01:48:46
120146_A043,120146,A043,,,2026-03-24 01:48:46
120147_A259,120147,A259,,,2026-03-24 01:48:46
120148_A259,120148,A259,,,2026-03-24 01:48:46
120149_A259,120149,A259,,,2026-03-24 01:48:46
120150_A006,120150,A006,,,2026-03-24 01:48:46
120151_A094,120151,A094,,,2026-03-24 01:48:46
120152_A260,120152,A260,,,2026-03-24 01:48:46
120153_A261,120153,A261,,,2026-03-24 01:48:46
120154_A262,120154,A262,,,2026-03-24 01:48:46
120155_A263,120155,A263,,,2026-03-24 01:48:46
120156_A264,120156,A264,,,2026-03-24 01:48:46
120157_A265,120157,A265,,,2026-03-24 01:48:46
120158_A266,120158,A266,,,2026-03-24 01:48:46
120159_A267,120159,A267,,,2026-03-24 01:48:46
120160_A261,120160,A261,,,2026-03-24 01:48:46
120161_A268,120161,A268,,,2026-03-24 01:48:46
120162_A269,120162,A269,,,2026-03-24 01:48:46
120163_A043,120163,A043,,,2026-03-24 01:48:46
120164_A175,120164,A175,,,2026-03-24 01:48:46
120165_A120,120165,A120,,,2026-03-24 01:48:46
120166_A270,120166,A270,,,2026-03-24 01:48:46
120167_A271,120167,A271,,,2026-03-24 01:48:46
120168_A272,120168,A272,,,2026-03-24 01:48:46
120169_A134,120169,A134,,,2026-03-24 01:48:46
120170_A013,120170,A013,,,2026-03-24 01:48:46
120171_A022,120171,A022,,,2026-03-24 01:48:46
120172_A058,120172,A058,,,2026-03-24 01:48:46
120173_A044,120173,A044,,,2026-03-24 01:48:46
120174_A049,120174,A049,,,2026-03-24 01:48:46
120175_A273,120175,A273,,,2026-03-24 01:48:46
120176_A083,120176,A083,,,2026-03-24 01:48:46
120177_A274,120177,A274,,,2026-03-24 01:48:46
120178_A065,120178,A065,,,2026-03-24 01:48:46
120179_A275,120179,A275,,,2026-03-24 01:48:46
120180_A276,120180,A276,,,2026-03-24 01:48:46
120181_A277,120181,A277,,,2026-03-24 01:48:46
120182_A015,120182,A015,,,2026-03-24 01:48:46
120183_A278,120183,A278,,,2026-03-24 01:48:46
120184_A279,120184,A279,,,2026-03-24 01:48:46
120185_A128,120185,A128,,,2026-03-24 01:48:46
120186_A043,120186,A043,,,2026-03-24 01:48:46
120187_A079,120187,A079,,,2026-03-24 01:48:46
120188_A280,120188,A280,,,2026-03-24 01:48:46
120189_A008,120189,A008,,,2026-03-24 01:48:46
120190_A001,120190,A001,,,2026-03-24 01:48:46
120191_A094,120191,A094,,,2026-03-24 01:48:46
120192_A281,120192,A281,,,2026-03-24 01:48:46
120193_A282,120193,A282,,,2026-03-24 01:48:46
120194_A283,120194,A283,,,2026-03-24 01:48:46
120195_A284,120195,A284,,,2026-03-24 01:48:46
120196_A034,120196,A034,,,2026-03-24 01:48:46
120197_A105,120197,A105,,,2026-03-24 01:48:46
120198_A285,120198,A285,,,2026-03-24 01:48:46
120199_A052,120199,A052,,,2026-03-24 01:48:46
120200_A286,120200,A286,,,2026-03-24 01:48:46
120201_A131,120201,A131,,,2026-03-24 01:48:46
120202_A287,120202,A287,,,2026-03-24 01:48:46
120203_A288,120203,A288,,,2026-03-24 01:48:46
120204_A289,120204,A289,,,2026-03-24 01:48:46
120205_A290,120205,A290,,,2026-03-24 01:48:46
120206_A143,120206,A143,,,2026-03-24 01:48:46
120207_A291,120207,A291,,,2026-03-24 01:48:46
120208_A015,120208,A015,,,2026-03-24 01:48:46
120209_A292,120209,A292,,,2026-03-24 01:48:46
120210_A128,120210,A128,,,2026-03-24 01:48:46
120211_A181,120211,A181,,,2026-03-24 01:48:46
120212_A293,120212,A293,,,2026-03-24 01:48:46
120213_A294,120213,A294,,,2026-03-24 01:48:46
120214_A186,120214,A186,,,2026-03-24 01:48:46
120215_A096,120215,A096,,,2026-03-24 01:48:46
120216_A295,120216,A295,,,2026-03-24 01:48:46
120217_A296,120217,A296,,,2026-03-24 01:48:46
120218_A297,120218,A297,,,2026-03-24 01:48:46
120219_A298,120219,A298,,,2026-03-24 01:48:46
120220_A044,120220,A044,,,2026-03-24 01:48:46
120221_A299,120221,A299,,,2026-03-24 01:48:46
120222_A300,120222,A300,,,2026-03-24 01:48:46
120223_A301,120223,A301,,,2026-03-24 01:48:46
120224_A302,120224,A302,,,2026-03-24 01:48:46
120225_A303,120225,A303,,,2026-03-24 01:48:46
120226_A283,120226,A283,,,2026-03-24 01:48:46
120227_A304,120227,A304,,,2026-03-24 01:48:46
120228_A188,120228,A188,,,2026-03-24 01:48:46
120229_A049,120229,A049,,,2026-03-24 01:48:46
120230_A305,120230,A305,,,2026-03-24 01:48:46
120231_A007,120231,A007,,,2026-03-24 01:48:46
120232_A230,120232,A230,,,2026-03-24 01:48:46
120233_A303,120233,A303,,,2026-03-24 01:48:46
120234_A306,120234,A306,,,2026-03-24 01:48:46
120235_A307,120235,A307,,,2026-03-24 01:48:46
120236_A308,120236,A308,,,2026-03-24 01:48:46
120237_A309,120237,A309,,,2026-03-24 01:48:46
120238_A310,120238,A310,,,2026-03-24 01:48:46
120239_A311,120239,A311,,,2026-03-24 01:48:46
120240_A058,120240,A058,,,2026-03-24 01:48:46
120241_A073,120241,A073,,,2026-03-24 01:48:46
130255_A312,130255,A312,,,2026-03-24 01:48:46
130256_A313,130256,A313,,,2026-03-24 01:48:46
130252_A314,130252,A314,,,2026-03-24 01:48:46
130253_A315,130253,A315,,,2026-03-24 01:48:46
130254_A188,130254,A188,,,2026-03-24 01:48:46
130249_A316,130249,A316,,,2026-03-24 01:48:46
130250_A317,130250,A317,,,2026-03-24 01:48:46
130251_A318,130251,A318,,,2026-03-24 01:48:46
130247_A204,130247,A204,,,2026-03-24 01:48:46
130248_A174,130248,A174,,,2026-03-24 01:48:46
130130_A135,130130,A135,,,2026-03-24 01:48:46
130131_A319,130131,A319,,,2026-03-24 01:48:46
130132_A320,130132,A320,,,2026-03-24 01:48:46
130133_A321,130133,A321,,,2026-03-24 01:48:46
130134_A322,130134,A322,,,2026-03-24 01:48:46
130245_A323,130245,A323,,,2026-03-24 01:48:46
130246_A324,130246,A324,,,2026-03-24 01:48:46
130062_A325,130062,A325,,,2026-03-24 01:48:46
130063_A326,130063,A326,,,2026-03-24 01:48:46
130064_A120,130064,A120,,,2026-03-24 01:48:46
130065_A327,130065,A327,,,2026-03-24 01:48:46
130066_A328,130066,A328,,,2026-03-24 01:48:46
130067_A279,130067,A279,,,2026-03-24 01:48:46
130117_A329,130117,A329,,,2026-03-24 01:48:46
130244_A330,130244,A330,,,2026-03-24 01:48:46
130127_A331,130127,A331,,,2026-03-24 01:48:46
130128_A332,130128,A332,,,2026-03-24 01:48:46
130129_A096,130129,A096,,,2026-03-24 01:48:46
130243_A333,130243,A333,,,2026-03-24 01:48:46
130242_A189,130242,A189,,,2026-03-24 01:48:46
130124_A334,130124,A334,,,2026-03-24 01:48:46
130125_A335,130125,A335,,,2026-03-24 01:48:46
130126_A336,130126,A336,,,2026-03-24 01:48:46
130241_A337,130241,A337,,,2026-03-24 01:48:46
130240_A338,130240,A338,,,2026-03-24 01:48:46
130238_A251,130238,A251,,,2026-03-24 01:48:46
130239_A077,130239,A077,,,2026-03-24 01:48:46
130120_A082,130120,A082,,,2026-03-24 01:48:46
130121_A106,130121,A106,,,2026-03-24 01:48:46
130122_A213,130122,A213,,,2026-03-24 01:48:46
130237_A339,130237,A339,,,2026-03-24 01:48:46
130236_A340,130236,A340,,,2026-03-24 01:48:46
130057_A341,130057,A341,,,2026-03-24 01:48:46
130058_A342,130058,A342,,,2026-03-24 01:48:46
130059_A343,130059,A343,,,2026-03-24 01:48:46
130060_A344,130060,A344,,,2026-03-24 01:48:46
130061_A005,130061,A005,,,2026-03-24 01:48:46
130234_A345,130234,A345,,,2026-03-24 01:48:46
130235_A346,130235,A346,,,2026-03-24 01:48:46
130114_A056,130114,A056,,,2026-03-24 01:48:46
130115_A347,130115,A347,,,2026-03-24 01:48:46
130116_A174,130116,A174,,,2026-03-24 01:48:46
130232_A348,130232,A348,,,2026-03-24 01:48:46
130233_A325,130233,A325,,,2026-03-24 01:48:46
130118_A349,130118,A349,,,2026-03-24 01:48:46
130119_A350,130119,A350,,,2026-03-24 01:48:46
130111_A186,130111,A186,,,2026-03-24 01:48:46
130112_A079,130112,A079,,,2026-03-24 01:48:46
130113_A040,130113,A040,,,2026-03-24 01:48:46
130230_A351,130230,A351,,,2026-03-24 01:48:46
130231_A352,130231,A352,,,2026-03-24 01:48:46
130228_A353,130228,A353,,,2026-03-24 01:48:46
130229_A354,130229,A354,,,2026-03-24 01:48:46
130135_A288,130135,A288,,,2026-03-24 01:48:46
130136_A288,130136,A288,,,2026-03-24 01:48:46
130137_A288,130137,A288,,,2026-03-24 01:48:46
130138_A288,130138,A288,,,2026-03-24 01:48:46
130139_A288,130139,A288,,,2026-03-24 01:48:46
130227_A355,130227,A355,,,2026-03-24 01:48:46
130226_A047,130226,A047,,,2026-03-24 01:48:46
130224_A356,130224,A356,,,2026-03-24 01:48:46
130225_A357,130225,A357,,,2026-03-24 01:48:46
130105_A358,130105,A358,,,2026-03-24 01:48:46
130106_A359,130106,A359,,,2026-03-24 01:48:46
130107_A130,130107,A130,,,2026-03-24 01:48:46
130108_A360,130108,A360,,,2026-03-24 01:48:46
130109_A361,130109,A361,,,2026-03-24 01:48:46
130110_A224,130110,A224,,,2026-03-24 01:48:46
130222_A362,130222,A362,,,2026-03-24 01:48:46
130223_A363,130223,A363,,,2026-03-24 01:48:46
130040_A364,130040,A364,,,2026-03-24 01:48:46
130041_A365,130041,A365,,,2026-03-24 01:48:46
130042_A366,130042,A366,,,2026-03-24 01:48:46
130043_A256,130043,A256,,,2026-03-24 01:48:46
130044_A367,130044,A367,,,2026-03-24 01:48:46
130045_A037,130045,A037,,,2026-03-24 01:48:46
130123_A016,130123,A016,,,2026-03-24 01:48:46
130221_A368,130221,A368,,,2026-03-24 01:48:46
130218_A061,130218,A061,,,2026-03-24 01:48:46
130219_A369,130219,A369,,,2026-03-24 01:48:46
130220_A279,130220,A279,,,2026-03-24 01:48:46
130101_A088,130101,A088,,,2026-03-24 01:48:46
130102_A088,130102,A088,,,2026-03-24 01:48:46
130103_A088,130103,A088,,,2026-03-24 01:48:46
130104_A088,130104,A088,,,2026-03-24 01:48:46
130217_A370,130217,A370,,,2026-03-24 01:48:46
130215_A371,130215,A371,,,2026-03-24 01:48:46
130216_A372,130216,A372,,,2026-03-24 01:48:46
130213_A373,130213,A373,,,2026-03-24 01:48:46
130214_A166,130214,A166,,,2026-03-24 01:48:46
130211_A374,130211,A374,,,2026-03-24 01:48:46
130212_A374,130212,A374,,,2026-03-24 01:48:46
130209_A052,130209,A052,,,2026-03-24 01:48:46
130210_A375,130210,A375,,,2026-03-24 01:48:46
130098_A376,130098,A376,,,2026-03-24 01:48:46
130099_A377,130099,A377,,,2026-03-24 01:48:46
130100_A378,130100,A378,,,2026-03-24 01:48:46
130208_A277,130208,A277,,,2026-03-24 01:48:46
130207_A379,130207,A379,,,2026-03-24 01:48:46
130206_A380,130206,A380,,,2026-03-24 01:48:46
130205_A123,130205,A123,,,2026-03-24 01:48:46
130093_A381,130093,A381,,,2026-03-24 01:48:46
130094_A058,130094,A058,,,2026-03-24 01:48:46
130095_A382,130095,A382,,,2026-03-24 01:48:46
130096_A007,130096,A007,,,2026-03-24 01:48:46
130097_A022,130097,A022,,,2026-03-24 01:48:46
130203_A383,130203,A383,,,2026-03-24 01:48:46
130204_A384,130204,A384,,,2026-03-24 01:48:46
130052_A385,130052,A385,,,2026-03-24 01:48:46
130053_A386,130053,A386,,,2026-03-24 01:48:46
130054_A387,130054,A387,,,2026-03-24 01:48:46
130055_A388,130055,A388,,,2026-03-24 01:48:46
130056_A188,130056,A188,,,2026-03-24 01:48:46
130202_A011,130202,A011,,,2026-03-24 01:48:46
130051_A389,130051,A389,,,2026-03-24 01:48:46
130201_A204,130201,A204,,,2026-03-24 01:48:46
130200_A390,130200,A390,,,2026-03-24 01:48:46
130197_A391,130197,A391,,,2026-03-24 01:48:46
130198_A392,130198,A392,,,2026-03-24 01:48:46
130199_A393,130199,A393,,,2026-03-24 01:48:46
130088_A394,130088,A394,,,2026-03-24 01:48:46
130089_A395,130089,A395,,,2026-03-24 01:48:46
130090_A342,130090,A342,,,2026-03-24 01:48:46
130091_A153,130091,A153,,,2026-03-24 01:48:46
130092_A396,130092,A396,,,2026-03-24 01:48:46
130195_A105,130195,A105,,,2026-03-24 01:48:46
130196_A325,130196,A325,,,2026-03-24 01:48:46
130194_A054,130194,A054,,,2026-03-24 01:48:46
130034_A167,130034,A167,,,2026-03-24 01:48:46
130035_A397,130035,A397,,,2026-03-24 01:48:46
130036_A398,130036,A398,,,2026-03-24 01:48:46
130037_A104,130037,A104,,,2026-03-24 01:48:46
130038_A399,130038,A399,,,2026-03-24 01:48:46
130039_A048,130039,A048,,,2026-03-24 01:48:46
130191_A058,130191,A058,,,2026-03-24 01:48:46
130192_A400,130192,A400,,,2026-03-24 01:48:46
130193_A074,130193,A074,,,2026-03-24 01:48:46
130190_A401,130190,A401,,,2026-03-24 01:48:46
130188_A402,130188,A402,,,2026-03-24 01:48:46
130189_A403,130189,A403,,,2026-03-24 01:48:46
130186_A404,130186,A404,,,2026-03-24 01:48:46
130187_A405,130187,A405,,,2026-03-24 01:48:46
130085_A116,130085,A116,,,2026-03-24 01:48:46
130086_A104,130086,A104,,,2026-03-24 01:48:46
130087_A157,130087,A157,,,2026-03-24 01:48:46
130081_A406,130081,A406,,,2026-03-24 01:48:46
130082_A407,130082,A407,,,2026-03-24 01:48:46
130083_A406,130083,A406,,,2026-03-24 01:48:46
130084_A408,130084,A408,,,2026-03-24 01:48:46
130185_A409,130185,A409,,,2026-03-24 01:48:46
130183_A410,130183,A410,,,2026-03-24 01:48:46
130184_A411,130184,A411,,,2026-03-24 01:48:46
130182_A274,130182,A274,,,2026-03-24 01:48:46
130180_A412,130180,A412,,,2026-03-24 01:48:46
130181_A413,130181,A413,,,2026-03-24 01:48:46
130177_A414,130177,A414,,,2026-03-24 01:48:46
130178_A415,130178,A415,,,2026-03-24 01:48:46
130179_A416,130179,A416,,,2026-03-24 01:48:46
130176_A417,130176,A417,,,2026-03-24 01:48:46
130046_A418,130046,A418,,,2026-03-24 01:48:46
130047_A419,130047,A419,,,2026-03-24 01:48:46
130048_A386,130048,A386,,,2026-03-24 01:48:46
130049_A420,130049,A420,,,2026-03-24 01:48:46
130050_A421,130050,A421,,,2026-03-24 01:48:46
130174_A422,130174,A422,,,2026-03-24 01:48:46
130175_A423,130175,A423,,,2026-03-24 01:48:46
130172_A424,130172,A424,,,2026-03-24 01:48:46
130173_A425,130173,A425,,,2026-03-24 01:48:46
130170_A426,130170,A426,,,2026-03-24 01:48:46
130171_A427,130171,A427,,,2026-03-24 01:48:46
130028_A428,130028,A428,,,2026-03-24 01:48:46
130029_A221,130029,A221,,,2026-03-24 01:48:46
130030_A378,130030,A378,,,2026-03-24 01:48:46
130031_A011,130031,A011,,,2026-03-24 01:48:46
130032_A015,130032,A015,,,2026-03-24 01:48:46
130033_A015,130033,A015,,,2026-03-24 01:48:46
130169_A429,130169,A429,,,2026-03-24 01:48:46
130076_A430,130076,A430,,,2026-03-24 01:48:46
130077_A430,130077,A430,,,2026-03-24 01:48:46
130078_A430,130078,A430,,,2026-03-24 01:48:46
130079_A430,130079,A430,,,2026-03-24 01:48:46
130080_A430,130080,A430,,,2026-03-24 01:48:46
130027_A431,130027,A431,,,2026-03-24 01:48:46
130168_A432,130168,A432,,,2026-03-24 01:48:46
130167_A433,130167,A433,,,2026-03-24 01:48:46
130165_A434,130165,A434,,,2026-03-24 01:48:46
130166_A435,130166,A435,,,2026-03-24 01:48:46
130073_A081,130073,A081,,,2026-03-24 01:48:46
130074_A043,130074,A043,,,2026-03-24 01:48:46
130075_A043,130075,A043,,,2026-03-24 01:48:46
130164_A117,130164,A117,,,2026-03-24 01:48:46
130068_A154,130068,A154,,,2026-03-24 01:48:46
130069_A217,130069,A217,,,2026-03-24 01:48:46
130070_A108,130070,A108,,,2026-03-24 01:48:46
130071_A436,130071,A436,,,2026-03-24 01:48:46
130072_A216,130072,A216,,,2026-03-24 01:48:46
130162_A437,130162,A437,,,2026-03-24 01:48:46
130163_A438,130163,A438,,,2026-03-24 01:48:46
130021_A439,130021,A439,,,2026-03-24 01:48:46
130022_A440,130022,A440,,,2026-03-24 01:48:46
130023_A441,130023,A441,,,2026-03-24 01:48:46
130024_A121,130024,A121,,,2026-03-24 01:48:46
130025_A431,130025,A431,,,2026-03-24 01:48:46
130026_A442,130026,A442,,,2026-03-24 01:48:46
130161_A279,130161,A279,,,2026-03-24 01:48:46
130159_A167,130159,A167,,,2026-03-24 01:48:46
130160_A209,130160,A209,,,2026-03-24 01:48:46
130158_A105,130158,A105,,,2026-03-24 01:48:46
130157_A431,130157,A431,,,2026-03-24 01:48:46
130154_A166,130154,A166,,,2026-03-24 01:48:46
130155_A443,130155,A443,,,2026-03-24 01:48:46
130156_A279,130156,A279,,,2026-03-24 01:48:46
130151_A444,130151,A444,,,2026-03-24 01:48:46
130152_A444,130152,A444,,,2026-03-24 01:48:46
130153_A444,130153,A444,,,2026-03-24 01:48:46
130001_A399,130001,A399,,,2026-03-24 01:48:46
130002_A209,130002,A209,,,2026-03-24 01:48:46
130003_A274,130003,A274,,,2026-03-24 01:48:46
130004_A445,130004,A445,,,2026-03-24 01:48:46
130005_A446,130005,A446,,,2026-03-24 01:48:46
130006_A378,130006,A378,,,2026-03-24 01:48:46
130007_A447,130007,A447,,,2026-03-24 01:48:46
130008_A448,130008,A448,,,2026-03-24 01:48:46
130009_A201,130009,A201,,,2026-03-24 01:48:46
130010_A011,130010,A011,,,2026-03-24 01:48:46
130011_A449,130011,A449,,,2026-03-24 01:48:46
130012_A450,130012,A450,,,2026-03-24 01:48:46
130013_A202,130013,A202,,,2026-03-24 01:48:46
130014_A367,130014,A367,,,2026-03-24 01:48:46
130015_A367,130015,A367,,,2026-03-24 01:48:46
130016_A451,130016,A451,,,2026-03-24 01:48:46
130017_A452,130017,A452,,,2026-03-24 01:48:46
130018_A453,130018,A453,,,2026-03-24 01:48:46
130019_A454,130019,A454,,,2026-03-24 01:48:46
130020_A455,130020,A455,,,2026-03-24 01:48:46
130140_A279,130140,A279,,,2026-03-24 01:48:46
130141_A279,130141,A279,,,2026-03-24 01:48:46
130142_A279,130142,A279,,,2026-03-24 01:48:46
130143_A444,130143,A444,,,2026-03-24 01:48:46
130144_A444,130144,A444,,,2026-03-24 01:48:46
130145_A444,130145,A444,,,2026-03-24 01:48:46
130146_A456,130146,A456,,,2026-03-24 01:48:46
130147_A457,130147,A457,,,2026-03-24 01:48:46
130148_A458,130148,A458,,,2026-03-24 01:48:46
130149_A459,130149,A459,,,2026-03-24 01:48:46
130150_A460,130150,A460,,,2026-03-24 01:48:46
140001_A461,140001,A461,,,2026-03-24 01:48:46
140002_A462,140002,A462,,,2026-03-24 01:48:46
140003_A463,140003,A463,,,2026-03-24 01:48:46
140004_A074,140004,A074,,,2026-03-24 01:48:46
140005_A464,140005,A464,,,2026-03-24 01:48:46
140006_A465,140006,A465,,,2026-03-24 01:48:46
140007_A431,140007,A431,,,2026-03-24 01:48:46
140008_A466,140008,A466,,,2026-03-24 01:48:46
140009_A467,140009,A467,,,2026-03-24 01:48:46
140010_A007,140010,A007,,,2026-03-24 01:48:46
140011_A011,140011,A011,,,2026-03-24 01:48:46
140012_A468,140012,A468,,,2026-03-24 01:48:46
140013_A052,140013,A052,,,2026-03-24 01:48:46
140014_A469,140014,A469,,,2026-03-24 01:48:46
140015_A470,140015,A470,,,2026-03-24 01:48:46
140016_A188,140016,A188,,,2026-03-24 01:48:46
140017_A105,140017,A105,,,2026-03-24 01:48:46
140018_A430,140018,A430,,,2026-03-24 01:48:46
140019_A121,140019,A121,,,2026-03-24 01:48:46
140020_A106,140020,A106,,,2026-03-24 01:48:46
140021_A035,140021,A035,,,2026-03-24 01:48:46
140022_A471,140022,A471,,,2026-03-24 01:48:46
140023_A040,140023,A040,,,2026-03-24 01:48:46
140024_A427,140024,A427,,,2026-03-24 01:48:46
140025_A081,140025,A081,,,2026-03-24 01:48:46
140026_A209,140026,A209,,,2026-03-24 01:48:46
140027_A472,140027,A472,,,2026-03-24 01:48:46
140028_A473,140028,A473,,,2026-03-24 01:48:46
140029_A052,140029,A052,,,2026-03-24 01:48:46
140030_A167,140030,A167,,,2026-03-24 01:48:46
140031_A121,140031,A121,,,2026-03-24 01:48:46
140032_A015,140032,A015,,,2026-03-24 01:48:46
140033_A016,140033,A016,,,2026-03-24 01:48:46
140034_A342,140034,A342,,,2026-03-24 01:48:46
140035_A345,140035,A345,,,2026-03-24 01:48:46
140036_A183,140036,A183,,,2026-03-24 01:48:46
140037_A474,140037,A474,,,2026-03-24 01:48:46
140038_A186,140038,A186,,,2026-03-24 01:48:46
140039_A384,140039,A384,,,2026-03-24 01:48:46
140040_A475,140040,A475,,,2026-03-24 01:48:46
140041_A476,140041,A476,,,2026-03-24 01:48:46
140042_A477,140042,A477,,,2026-03-24 01:48:46
140043_A478,140043,A478,,,2026-03-24 01:48:46
140044_A479,140044,A479,,,2026-03-24 01:48:46
140045_A279,140045,A279,,,2026-03-24 01:48:46
140046_A480,140046,A480,,,2026-03-24 01:48:46
140047_A481,140047,A481,,,2026-03-24 01:48:46
140048_A034,140048,A034,,,2026-03-24 01:48:46
140049_A482,140049,A482,,,2026-03-24 01:48:46
140050_A483,140050,A483,,,2026-03-24 01:48:46
140051_A197,140051,A197,,,2026-03-24 01:48:46
140052_A277,140052,A277,,,2026-03-24 01:48:46
140053_A484,140053,A484,,,2026-03-24 01:48:46
140054_A430,140054,A430,,,2026-03-24 01:48:46
140055_A324,140055,A324,,,2026-03-24 01:48:46
140056_A040,140056,A040,,,2026-03-24 01:48:46
140057_A424,140057,A424,,,2026-03-24 01:48:46
140058_A485,140058,A485,,,2026-03-24 01:48:46
140059_A486,140059,A486,,,2026-03-24 01:48:46
140060_A487,140060,A487,,,2026-03-24 01:48:46
140061_A209,140061,A209,,,2026-03-24 01:48:46
140062_A011,140062,A011,,,2026-03-24 01:48:46
140063_A488,140063,A488,,,2026-03-24 01:48:46
140064_A038,140064,A038,,,2026-03-24 01:48:46
140065_A015,140065,A015,,,2026-03-24 01:48:46
140066_A229,140066,A229,,,2026-03-24 01:48:46
140067_A062,140067,A062,,,2026-03-24 01:48:46
140068_A058,140068,A058,,,2026-03-24 01:48:46
140069_A171,140069,A171,,,2026-03-24 01:48:46
140070_A120,140070,A120,,,2026-03-24 01:48:46
140071_A489,140071,A489,,,2026-03-24 01:48:46
140072_A490,140072,A490,,,2026-03-24 01:48:46
140073_A188,140073,A188,,,2026-03-24 01:48:46
140074_A491,140074,A491,,,2026-03-24 01:48:46
140075_A492,140075,A492,,,2026-03-24 01:48:46
140076_A493,140076,A493,,,2026-03-24 01:48:46
140077_A326,140077,A326,,,2026-03-24 01:48:46
140078_A494,140078,A494,,,2026-03-24 01:48:46
140079_A197,140079,A197,,,2026-03-24 01:48:46
140080_A423,140080,A423,,,2026-03-24 01:48:46
140081_A495,140081,A495,,,2026-03-24 01:48:46
140082_A495,140082,A495,,,2026-03-24 01:48:46
140083_A495,140083,A495,,,2026-03-24 01:48:46
140084_A237,140084,A237,,,2026-03-24 01:48:46
140085_A496,140085,A496,,,2026-03-24 01:48:46
140086_A497,140086,A497,,,2026-03-24 01:48:46
140087_A498,140087,A498,,,2026-03-24 01:48:46
140088_A497,140088,A497,,,2026-03-24 01:48:46
140089_A499,140089,A499,,,2026-03-24 01:48:46
140090_A500,140090,A500,,,2026-03-24 01:48:46
140091_A500,140091,A500,,,2026-03-24 01:48:46
140092_A500,140092,A500,,,2026-03-24 01:48:46
140093_A345,140093,A345,,,2026-03-24 01:48:46
140094_A345,140094,A345,,,2026-03-24 01:48:46
140095_A345,140095,A345,,,2026-03-24 01:48:46
140096_A345,140096,A345,,,2026-03-24 01:48:46
140097_A303,140097,A303,,,2026-03-24 01:48:46
140098_A500,140098,A500,,,2026-03-24 01:48:46
140099_A501,140099,A501,,,2026-03-24 01:48:46
140100_A502,140100,A502,,,2026-03-24 01:48:46
140101_A503,140101,A503,,,2026-03-24 01:48:46
140102_A113,140102,A113,,,2026-03-24 01:48:46
140103_A125,140103,A125,,,2026-03-24 01:48:46
140104_A504,140104,A504,,,2026-03-24 01:48:46
140105_A237,140105,A237,,,2026-03-24 01:48:46
140106_A505,140106,A505,,,2026-03-24 01:48:46
140107_A506,140107,A506,,,2026-03-24 01:48:46
140108_A490,140108,A490,,,2026-03-24 01:48:46
140109_A156,140109,A156,,,2026-03-24 01:48:46
140110_A507,140110,A507,,,2026-03-24 01:48:46
140111_A508,140111,A508,,,2026-03-24 01:48:46
140112_A509,140112,A509,,,2026-03-24 01:48:46
140113_A510,140113,A510,,,2026-03-24 01:48:46
140114_A320,140114,A320,,,2026-03-24 01:48:46
140115_A040,140115,A040,,,2026-03-24 01:48:46
140116_A174,140116,A174,,,2026-03-24 01:48:46
140117_A511,140117,A511,,,2026-03-24 01:48:46
140118_A512,140118,A512,,,2026-03-24 01:48:46
140119_A513,140119,A513,,,2026-03-24 01:48:46
140120_A514,140120,A514,,,2026-03-24 01:48:46
140121_A382,140121,A382,,,2026-03-24 01:48:46
140122_A013,140122,A013,,,2026-03-24 01:48:46
140123_A049,140123,A049,,,2026-03-24 01:48:46
140124_A011,140124,A011,,,2026-03-24 01:48:46
140125_A048,140125,A048,,,2026-03-24 01:48:46
140126_A034,140126,A034,,,2026-03-24 01:48:46
140127_A515,140127,A515,,,2026-03-24 01:48:46
140128_A290,140128,A290,,,2026-03-24 01:48:46
140129_A188,140129,A188,,,2026-03-24 01:48:46
140130_A516,140130,A516,,,2026-03-24 01:48:46
140131_A209,140131,A209,,,2026-03-24 01:48:46
140132_A517,140132,A517,,,2026-03-24 01:48:46
140133_A495,140133,A495,,,2026-03-24 01:48:46
140134_A518,140134,A518,,,2026-03-24 01:48:46
140135_A209,140135,A209,,,2026-03-24 01:48:46
140136_A519,140136,A519,,,2026-03-24 01:48:46
140137_A065,140137,A065,,,2026-03-24 01:48:46
140138_A171,140138,A171,,,2026-03-24 01:48:46
140139_A520,140139,A520,,,2026-03-24 01:48:46
140140_A521,140140,A521,,,2026-03-24 01:48:46
140141_A522,140141,A522,,,2026-03-24 01:48:46
140142_A085,140142,A085,,,2026-03-24 01:48:46
140143_A523,140143,A523,,,2026-03-24 01:48:46
140144_A524,140144,A524,,,2026-03-24 01:48:46
140145_A034,140145,A034,,,2026-03-24 01:48:46
140146_A008,140146,A008,,,2026-03-24 01:48:46
140147_A525,140147,A525,,,2026-03-24 01:48:46
140148_A052,140148,A052,,,2026-03-24 01:48:46
140149_A526,140149,A526,,,2026-03-24 01:48:46
140150_A516,140150,A516,,,2026-03-24 01:48:46
140151_A527,140151,A527,,,2026-03-24 01:48:46
140152_A528,140152,A528,,,2026-03-24 01:48:46
140153_A529,140153,A529,,,2026-03-24 01:48:46
140154_A530,140154,A530,,,2026-03-24 01:48:46
140155_A500,140155,A500,,,2026-03-24 01:48:46
140156_A531,140156,A531,,,2026-03-24 01:48:46
140157_A532,140157,A532,,,2026-03-24 01:48:46
140158_A533,140158,A533,,,2026-03-24 01:48:46
140159_A495,140159,A495,,,2026-03-24 01:48:46
140160_A534,140160,A534,,,2026-03-24 01:48:46
140161_A535,140161,A535,,,2026-03-24 01:48:46
140162_A536,140162,A536,,,2026-03-24 01:48:46
140163_A537,140163,A537,,,2026-03-24 01:48:46
140164_A538,140164,A538,,,2026-03-24 01:48:46
140165_A051,140165,A051,,,2026-03-24 01:48:46
140166_A539,140166,A539,,,2026-03-24 01:48:46
140167_A474,140167,A474,,,2026-03-24 01:48:46
140168_A494,140168,A494,,,2026-03-24 01:48:46
140169_A188,140169,A188,,,2026-03-24 01:48:46
140170_A540,140170,A540,,,2026-03-24 01:48:46
140171_A011,140171,A011,,,2026-03-24 01:48:46
140172_A541,140172,A541,,,2026-03-24 01:48:46
140173_A525,140173,A525,,,2026-03-24 01:48:46
140174_A324,140174,A324,,,2026-03-24 01:48:46
150001_A188,150001,A188,,,2026-03-24 01:48:46
150002_A542,150002,A542,,,2026-03-24 01:48:46
150003_A430,150003,A430,,,2026-03-24 01:48:46
150004_A222,150004,A222,,,2026-03-24 01:48:46
150005_A008,150005,A008,,,2026-03-24 01:48:46
150006_A525,150006,A525,,,2026-03-24 01:48:46
150007_A422,150007,A422,,,2026-03-24 01:48:46
150008_A326,150008,A326,,,2026-03-24 01:48:46
150009_A543,150009,A543,,,2026-03-24 01:48:46
150010_A011,150010,A011,,,2026-03-24 01:48:46
150011_A167,150011,A167,,,2026-03-24 01:48:46
150012_A342,150012,A342,,,2026-03-24 01:48:46
150013_A040,150013,A040,,,2026-03-24 01:48:46
150014_A542,150014,A542,,,2026-03-24 01:48:46
150015_A016,150015,A016,,,2026-03-24 01:48:46
150016_A544,150016,A544,,,2026-03-24 01:48:46
150017_A221,150017,A221,,,2026-03-24 01:48:46
150018_A038,150018,A038,,,2026-03-24 01:48:46
150019_A545,150019,A545,,,2026-03-24 01:48:46
150020_A222,150020,A222,,,2026-03-24 01:48:46
150021_A546,150021,A546,,,2026-03-24 01:48:46
150022_A034,150022,A034,,,2026-03-24 01:48:46
150023_A016,150023,A016,,,2026-03-24 01:48:46
150024_A070,150024,A070,,,2026-03-24 01:48:46
150025_A062,150025,A062,,,2026-03-24 01:48:46
150026_A547,150026,A547,,,2026-03-24 01:48:46
150027_A277,150027,A277,,,2026-03-24 01:48:46
150028_A548,150028,A548,,,2026-03-24 01:48:46
150029_A549,150029,A549,,,2026-03-24 01:48:46
150030_A550,150030,A550,,,2026-03-24 01:48:46
150031_A105,150031,A105,,,2026-03-24 01:48:46
150032_A551,150032,A551,,,2026-03-24 01:48:46
150033_A174,150033,A174,,,2026-03-24 01:48:46
150034_A188,150034,A188,,,2026-03-24 01:48:46
150035_A552,150035,A552,,,2026-03-24 01:48:46
150036_A553,150036,A553,,,2026-03-24 01:48:46
150037_A423,150037,A423,,,2026-03-24 01:48:46
150038_A554,150038,A554,,,2026-03-24 01:48:46
150039_A555,150039,A555,,,2026-03-24 01:48:46
150040_A550,150040,A550,,,2026-03-24 01:48:46
150041_A556,150041,A556,,,2026-03-24 01:48:46
150042_A525,150042,A525,,,2026-03-24 01:48:46
150043_A552,150043,A552,,,2026-03-24 01:48:46
150044_A094,150044,A094,,,2026-03-24 01:48:46
150045_A215,150045,A215,,,2026-03-24 01:48:46
150046_A197,150046,A197,,,2026-03-24 01:48:46
150047_A040,150047,A040,,,2026-03-24 01:48:46
150048_A197,150048,A197,,,2026-03-24 01:48:46
150049_A557,150049,A557,,,2026-03-24 01:48:46
150050_A558,150050,A558,,,2026-03-24 01:48:46
150051_A045,150051,A045,,,2026-03-24 01:48:46
150052_A558,150052,A558,,,2026-03-24 01:48:46
150053_A558,150053,A558,,,2026-03-24 01:48:46
150054_A413,150054,A413,,,2026-03-24 01:48:46
150055_A226,150055,A226,,,2026-03-24 01:48:46
150056_A022,150056,A022,,,2026-03-24 01:48:46
150057_A046,150057,A046,,,2026-03-24 01:48:46
150058_A120,150058,A120,,,2026-03-24 01:48:46
150059_A330,150059,A330,,,2026-03-24 01:48:46
150060_A559,150060,A559,,,2026-03-24 01:48:46
150061_A559,150061,A559,,,2026-03-24 01:48:46
150062_A560,150062,A560,,,2026-03-24 01:48:46
150063_A071,150063,A071,,,2026-03-24 01:48:46
150064_A561,150064,A561,,,2026-03-24 01:48:46
150065_A134,150065,A134,,,2026-03-24 01:48:46
150066_A092,150066,A092,,,2026-03-24 01:48:46
150067_A247,150067,A247,,,2026-03-24 01:48:46
150068_A247,150068,A247,,,2026-03-24 01:48:46
150069_A562,150069,A562,,,2026-03-24 01:48:46
150070_A230,150070,A230,,,2026-03-24 01:48:46
150071_A563,150071,A563,,,2026-03-24 01:48:46
150072_A306,150072,A306,,,2026-03-24 01:48:46
150073_A564,150073,A564,,,2026-03-24 01:48:46
150074_A565,150074,A565,,,2026-03-24 01:48:46
150075_A566,150075,A566,,,2026-03-24 01:48:46
150076_A081,150076,A081,,,2026-03-24 01:48:46
150077_A567,150077,A567,,,2026-03-24 01:48:46
150078_A568,150078,A568,,,2026-03-24 01:48:46
150079_A569,150079,A569,,,2026-03-24 01:48:46
150080_A570,150080,A570,,,2026-03-24 01:48:46
150081_A325,150081,A325,,,2026-03-24 01:48:46
150082_A030,150082,A030,,,2026-03-24 01:48:46
150083_A121,150083,A121,,,2026-03-24 01:48:46
150084_A001,150084,A001,,,2026-03-24 01:48:46
150085_A283,150085,A283,,,2026-03-24 01:48:46
