song_id,歌名,别名,歌曲更新时间,最新更新时间
110001,翠杜,脆肚,2024-05-30,2026-03-24 15:58:17
110002,Quadruplicity,,2025-01-27,2026-03-24 15:58:17
110003,Vulcānus,,2024-08-29,2026-03-24 15:58:17
110004,GALACTIC WARZONE,,2023-01-16,2026-03-24 15:58:17
110005,Re：End of a Dream,,2024-12-05,2026-03-24 15:58:17
110006,Cybernetic Vampire,,2024-10-01,2026-03-24 15:58:17
110007,Flashback Flicker,,2024-03-07,2026-03-24 15:58:17
110008,MVURBD,,2024-01-17,2026-03-24 15:58:17
110009,Lunàtixxx Gear,,2023-02-28,2026-03-24 15:58:17
110010,Deus Judicium,,2024-10-31,2026-03-24 15:58:17
110011,Triad of Dryad,,2024-05-30,2026-03-24 15:58:17
110012,Phantago,,2023-10-19,2026-03-24 15:58:17
110013,Frey's Philosophy,,2024-04-18,2026-03-24 15:58:17
110014,Angel dust,,2023-12-26,2026-03-24 15:58:17
110015,Igallta,,2023-12-05,2026-03-24 15:58:17
110016,スプーキィダンスパーティ,,2023-10-19,2026-03-24 15:58:17
110017,Eschatology,,2023-07-05,2026-03-24 15:58:17
110018,Corps-sans-organes,,2024-08-29,2026-03-24 15:58:17
110019,Dual Doom Deathmatch,,2024-03-07,2026-03-24 15:58:17
110020,Abstruse Dilemma,,2024-08-29,2026-03-24 15:58:17
110021,Starlight Traveler,,2025-01-27,2026-03-24 15:58:17
110022,Stasis,,2024-04-18,2026-03-24 15:58:17
110023,Feeling Blue,,2024-10-31,2026-03-24 15:58:17
110024,Recollection,,2023-02-28,2026-03-24 15:58:17
110025,Invisible Frenzy,,2022-10-19,2026-03-24 15:58:17
110026,BRAVE：ROAD,,2025-01-27,2026-03-24 15:58:17
110027,Nyarlathotep's Dreamland,,2023-10-19,2026-03-24 15:58:17
110028,Lonely departure,,2024-04-18,2026-03-24 15:58:17
110029,Epitaxy,,2024-05-30,2026-03-24 15:58:17
110030,"Welcome, SSSpooky!!!",,2022-11-01,2026-03-24 15:58:17
110031,Rush E,,2023-05-30,2026-03-24 15:58:17
110032,Amethyst,,2022-11-25,2026-03-24 15:58:17
110033,Silentphobia,,2022-10-19,2026-03-24 15:58:17
110034,Ouvertüre,,2022-10-19,2026-03-24 15:58:17
110035,Awaking Beat -From the next generation-,,2023-04-07,2026-03-24 15:58:17
110036,PUPA,,2022-06-13,2026-03-24 15:58:17
110037,Kakuriyo,,2024-10-01,2026-03-24 15:58:17
110038,Avataar ~Reincarnation of Kalpa~,,2023-07-05,2026-03-24 15:58:17
110039,Distorted Fate,,2023-12-05,2026-03-24 15:58:17
110040,Lost In Farside,,2022-11-25,2026-03-24 15:58:17
110041,BATTLE NO.1,,2023-02-28,2026-03-24 15:58:17
110042,Inverted World,,2022-05-30,2026-03-24 15:58:17
110043,Quon,,2022-10-19,2026-03-24 15:58:17
110044,Shooting☆Stars,,2023-02-28,2026-03-24 15:58:17
110045,Fate of Aria,,2023-08-30,2026-03-24 15:58:17
110046,Cyanine,,2024-04-18,2026-03-24 15:58:17
110047,Innocence Keeper,,2025-01-27,2026-03-24 15:58:17
110048,Destr0yer,,2024-12-05,2026-03-24 15:58:17
110049,席替えやったー！,,2024-07-18,2026-03-24 15:58:17
110050,Rrhar'il,,2023-12-05,2026-03-24 15:58:17
110051,Quaoar,,2022-11-25,2026-03-24 15:58:17
110052,Echoes of the Forest,,2024-10-01,2026-03-24 15:58:17
110053,Our Message,,2023-01-16,2026-03-24 15:58:17
110054,Enter -MAGICAL CODE-,,2025-01-27,2026-03-24 15:58:17
110055,Alice in a xxxxxxxx,,2022-08-11,2026-03-24 15:58:17
110056,Εxceζ,,2023-01-16,2026-03-24 15:58:17
110057,In a Diabolic Manner,,2022-05-30,2026-03-24 15:58:17
110058,Marble Joker,,2023-10-19,2026-03-24 15:58:17
110059,YInMn Blue,,2024-01-17,2026-03-24 15:58:17
110060,Manifold Hypothesis,,2023-01-16,2026-03-24 15:58:17
110061,Edge of bravery,,2023-05-30,2026-03-24 15:58:17
110062,Black Lair,,2024-05-30,2026-03-24 15:58:17
110063,9876734123,,2023-04-07,2026-03-24 15:58:17
110064,How To Make 音ゲ～曲！,,2024-12-05,2026-03-24 15:58:17
110065,DUAL BREAKER XX,,2022-10-19,2026-03-24 15:58:17
110066,天Q.,,2024-07-18,2026-03-24 15:58:17
110067,R.I.P.,,2022-08-11,2026-03-24 15:58:17
110068,NULCTRL,,2024-08-08,2026-03-24 15:58:17
110069,CO5M1C R4ILR0AD,,2024-01-17,2026-03-24 15:58:17
110070,光速神授说 - Divine Light of Myriad -,,2024-08-29,2026-03-24 15:58:17
110071,On And On!!,,2023-04-07,2026-03-24 15:58:17
110072,Cynthia,,2024-05-30,2026-03-24 15:58:17
110073,Alive,,2023-01-16,2026-03-24 15:58:17
110074,Silver Town,,2024-02-08,2026-03-24 15:58:17
110075,ジャンキーナイトタウンオーケストラ,,2023-05-30,2026-03-24 15:58:17
110076,Conflict,,2024-01-17,2026-03-24 15:58:17
110077,Daydream,,2024-01-02,2026-03-24 15:58:17
110078,白菊 -shiragiku-,,2025-01-02,2026-03-24 15:58:17
110079,Giselle,,2023-10-19,2026-03-24 15:58:17
110080,Uchronia,,2025-01-27,2026-03-24 15:58:17
110081,Sense,,2023-08-30,2026-03-24 15:58:17
110082,Inner Norm,,2024-10-01,2026-03-24 15:58:17
110083,Heaven's Cage,,2024-05-30,2026-03-24 15:58:17
110084,MAGENTA POTION,,2023-08-30,2026-03-24 15:58:17
110085,Waltz for Lorelei,,2024-05-30,2026-03-24 15:58:17
110086,Strange Bar,,2024-03-07,2026-03-24 15:58:17
110087,A Philosophical Wanderer,,2022-06-06,2026-03-24 15:58:17
110088,Hold Your Fire (Radio Edit),,2024-10-31,2026-03-24 15:58:17
110089,Brain Crusher,,2022-05-30,2026-03-24 15:58:17
110090,Disorder,,2022-08-11,2026-03-24 15:58:17
110091,Light Into Scheelite,,2022-07-04,2026-03-24 15:58:17
110092,Calorific Refract,,2023-01-16,2026-03-24 15:58:17
110093,Androgynos,,2024-04-18,2026-03-24 15:58:17
110094,Ēvocator,,2023-07-05,2026-03-24 15:58:17
110095,Break Through Myself feat. Risa Yuzuki,,2024-03-07,2026-03-24 15:58:17
110096,ベースラインやってる？笑,,2024-06-27,2026-03-24 15:58:17
110097,Mistilteinn,,2023-12-12,2026-03-24 15:58:17
110098,Feast远东之宴,,2023-12-05,2026-03-24 15:58:17
110099,アンドロイドガール,,2024-05-30,2026-03-24 15:58:17
110100,Cosmogyral,,2024-10-31,2026-03-24 15:58:17
110101,神っぽいな,,2024-05-30,2026-03-24 15:58:17
110102,Ego Eimi,,2024-08-29,2026-03-24 15:58:17
110103,ノンブレス・オブリージュ,,2024-05-30,2026-03-24 15:58:17
110104,Cross†Genocide,,2022-09-09,2026-03-24 15:58:17
110105,Turning POINT,,2024-10-01,2026-03-24 15:58:17
110106,Life is PIANO,,2022-08-11,2026-03-24 15:58:17
110107,Spinel,,2023-01-16,2026-03-24 15:58:17
110108,Dear my memories.,,2023-01-16,2026-03-24 15:58:17
110109,Luminosity (Don't you worry),,2024-03-07,2026-03-24 15:58:17
110110,Brave My Soul,,2023-04-07,2026-03-24 15:58:17
110111,Memory Of Sunrise,,2022-07-04,2026-03-24 15:58:17
110112,Yukianesa,,2024-04-18,2026-03-24 15:58:17
110113,Toys' Nightlife Area,,2025-01-27,2026-03-24 15:58:17
110114,Machine Gun,,2023-05-30,2026-03-24 15:58:17
110115,乙女解剖,,2024-05-30,2026-03-24 15:58:17
110116,Fantasia Sonata God Dance,,2024-08-08,2026-03-24 15:58:17
110117,Blastrick,,2023-04-07,2026-03-24 15:58:17
110118,Chronomia,,2024-12-05,2026-03-24 15:58:17
110119,LINK x LIN,,2025-01-27,2026-03-24 15:58:17
110120,Arbitration,,2024-05-30,2026-03-24 15:58:17
110121,Secret Illumination,,2023-01-16,2026-03-24 15:58:17
110122,With U,,2022-10-19,2026-03-24 15:58:17
110123,Infection,,2024-10-31,2026-03-24 15:58:17
110124,Life flashes before weeb eyes,,2023-01-16,2026-03-24 15:58:17
110125,恶修女——永火熔铸,,2025-01-27,2026-03-24 15:58:17
110126,Vesta,,2024-01-17,2026-03-24 15:58:17
110127,Gecko,,2022-07-04,2026-03-24 15:58:17
110128,ReveL,,2024-01-17,2026-03-24 15:58:17
110129,甜涩之梦,,2025-01-02,2026-03-24 15:58:17
110130,My Heaven (Magical Mix) feat. kuripurin,,2023-07-05,2026-03-24 15:58:17
110131,Shattered Sky After Rain,,2024-10-31,2026-03-24 15:58:17
110132,EOS,,2024-12-05,2026-03-24 15:58:17
110133,Veil of Summer,,2024-10-01,2026-03-24 15:58:17
110134,One Way Street,,2024-10-31,2026-03-24 15:58:17
110135,Aqua Stars,,2022-05-30,2026-03-24 15:58:17
110136,My Story! feat.柚子花,,2022-09-09,2026-03-24 15:58:17
110137,ニニ,,2022-05-30,2026-03-24 15:58:17
110138,NightTheater,,2023-10-19,2026-03-24 15:58:17
110139,分かってるけど,,2023-10-19,2026-03-24 15:58:17
110140,EF4123,,2022-05-30,2026-03-24 15:58:17
110141,Alfheim's faith,,2024-05-30,2026-03-24 15:58:17
110142,Becouse of You,,2024-03-07,2026-03-24 15:58:17
110143,Devil¿la6ue,,2024-07-18,2026-03-24 15:58:17
110144,Antagonism,,2024-08-29,2026-03-24 15:58:17
110145,SONIC SURGE,,2024-07-18,2026-03-24 15:58:17
110146,Invader,,2022-05-30,2026-03-24 15:58:17
110147,Looking for Stella,,2023-08-30,2026-03-24 15:58:17
110148,インドア系ならトラックメイカー,,2022-09-09,2026-03-24 15:58:17
110149,Bouquet colore,,2022-05-30,2026-03-24 15:58:17
110150,魔法少女引退宣言（仮）feat.星宫とと,,2024-07-18,2026-03-24 15:58:17
110151,Flashdance,,2024-12-05,2026-03-24 15:58:17
110152,Cross†Soul,,2022-05-30,2026-03-24 15:58:17
110153,C.s.q.n.,,2022-07-04,2026-03-24 15:58:17
110154,The Formula,,2023-05-03,2026-03-24 15:58:17
110155,Unshakable,,2024-12-05,2026-03-24 15:58:17
110156,Maholova,,2023-02-28,2026-03-24 15:58:17
110157,MilK,,2023-05-03,2026-03-24 15:58:17
110158,REVΘCATE,,2023-07-05,2026-03-24 15:58:17
110159,Fly Again,,2023-01-16,2026-03-24 15:58:17
110160,星降る夜と一轮の花,,2023-08-30,2026-03-24 15:58:17
110161,Meltdown,,2022-11-25,2026-03-24 15:58:17
110162,Song for Sprites,,2024-04-18,2026-03-24 15:58:17
110163,Re:prosperitás,,2022-05-30,2026-03-24 15:58:17
110164,Galaxy Striker,,2024-02-08,2026-03-24 15:58:17
110165,ストレイソウル・アラウンド,,2023-04-07,2026-03-24 15:58:17
110166,极彩色のユートピア,,2022-05-30,2026-03-24 15:58:17
110167,Enchanted love,,2025-01-27,2026-03-24 15:58:17
110168,Blackhole,,2024-10-31,2026-03-24 15:58:17
110169,INTERNET OVERDOSE,,2023-12-24,2026-03-24 15:58:17
110170,死んでしまった季节のかけら,,2022-07-27,2026-03-24 15:58:17
110171,IN,,2022-07-04,2026-03-24 15:58:17
110172,爱上想象的你,,2024-02-08,2026-03-24 15:58:17
110173,Love Splash,,2025-01-27,2026-03-24 15:58:17
110174,Cosmic Starter,,2023-04-07,2026-03-24 15:58:17
110175,シークレット・プラネット,,2024-05-30,2026-03-24 15:58:17
110176,咲く星々,,2024-05-30,2026-03-24 15:58:17
110177,终焉から命を救う,,2022-05-30,2026-03-24 15:58:17
110178,天使であれたら,,2024-07-18,2026-03-24 15:58:17
110179,ヴァンパイア,,2024-05-30,2026-03-24 15:58:17
110180,Chantして!!!!!,,2024-07-18,2026-03-24 15:58:17
110181,Re-waked from Abyss,,2022-05-30,2026-03-24 15:58:17
110182,HiGHER,,2023-02-28,2026-03-24 15:58:17
110183,Snapdragon,,2023-04-07,2026-03-24 15:58:17
110184,Fall in Me,,2025-01-27,2026-03-24 15:58:17
110185,Let you DIVE!,,2022-10-19,2026-03-24 15:58:17
110186,Apocalypse,,2024-04-18,2026-03-24 15:58:17
110187,Provison,,2024-02-08,2026-03-24 15:58:17
110188,Don't Never Around,,2023-07-05,2026-03-24 15:58:17
110189,Another Me (Rotaeno Edit),,2022-05-30,2026-03-24 15:58:17
110190,Memories of the Past feat.メトロミュー,,2022-09-09,2026-03-24 15:58:17
110191,无彩色のディストピア,,2022-05-30,2026-03-24 15:58:17
110192,Commotion,,2022-05-30,2026-03-24 15:58:17
110193,Sterelogue,,2022-05-30,2026-03-24 15:58:17
110194,You & DIE,,2023-02-28,2026-03-24 15:58:17
110195,Anökumene,,2024-05-30,2026-03-24 15:58:17
110196,Make Up Your World feat. キョンシーのCiちゃん & らっぷびと,,2024-03-07,2026-03-24 15:58:17
110197,"Fallin' fallin' (prod. INFX, Ella Jung, Limpid)",,2023-07-05,2026-03-24 15:58:17
110198,Azure Sky,,2023-08-30,2026-03-24 15:58:17
110199,ねぇねぇねぇ。,,2024-05-30,2026-03-24 15:58:17
110200,静寂に忧う,,2024-10-01,2026-03-24 15:58:17
110201,Converge,,2022-07-27,2026-03-24 15:58:17
110202,KING,,2022-06-20,2026-03-24 15:58:17
110203,Sweet Dreams (short ver.),,2022-09-09,2026-03-24 15:58:17
110204,ラグトレイン,,2023-05-30,2026-03-24 15:58:17
110205,Break Over,,2023-12-05,2026-03-24 15:58:17
110206,NO ONE YES MAN,,2023-12-05,2026-03-24 15:58:17
110207,Clock Paradox,,2025-01-27,2026-03-24 15:58:17
110208,Ice Festival,,2022-12-23,2026-03-24 15:58:17
110209,Anthem,,2022-05-30,2026-03-24 15:58:17
110210,Is This REAL?,,2022-11-25,2026-03-24 15:58:17
110211,Estaminet,,2022-05-30,2026-03-24 15:58:17
110212,Bystander Knife,,2022-05-30,2026-03-24 15:58:17
110213,The Promised Land,,2022-05-30,2026-03-24 15:58:17
110214,Huggy wuggy,,2022-05-30,2026-03-24 15:58:17
110215,Night Sky,,2025-01-27,2026-03-24 15:58:17
110216,Star Cape,,2022-08-11,2026-03-24 15:58:17
110217,Aorist Hallucination,,2023-01-16,2026-03-24 15:58:17
110218,アイロニ,,2023-05-30,2026-03-24 15:58:17
110219,Chrysanthemum,,2022-05-30,2026-03-24 15:58:17
110220,GRAND-i-FLORA,,2022-11-25,2026-03-24 15:58:17
110221,Swirling Blue,,2023-12-19,2026-03-24 15:58:17
110222,Reverie,,2022-05-30,2026-03-24 15:58:17
110223,1/100 の アイ,,2023-05-30,2026-03-24 15:58:17
110224,Infinity Heaven,,2022-05-30,2026-03-24 15:58:17
110225,HYPERSYNTHETIC,,2024-10-31,2026-03-24 15:58:17
110226,Obsidian(Short Ver.),,2022-12-23,2026-03-24 15:58:17
110227,Awaken In Ruins,,2024-10-01,2026-03-24 15:58:17
110228,Aurora,,2022-05-30,2026-03-24 15:58:17
110229,Velocity,,2022-05-30,2026-03-24 15:58:17
110230,幻影,,2023-01-16,2026-03-24 15:58:17
110231,Witches' Party,,2022-05-30,2026-03-24 15:58:17
110232,Snow Magic,,2022-05-30,2026-03-24 15:58:17
110233,Eternal calm,,2023-08-30,2026-03-24 15:58:17
110234,トリコロール・ステップ,,2024-07-18,2026-03-24 15:58:17
110235,Journey with You,,2023-05-30,2026-03-24 15:58:17
110236,Lullaby For an Android,,2024-05-30,2026-03-24 15:58:17
110237,K.Moe (VIP),,2022-05-30,2026-03-24 15:58:17
110238,Wish Upon Vivid Stars,,2024-01-17,2026-03-24 15:58:17
110239,Last Paradise,,2022-05-30,2026-03-24 15:58:17
110240,今天不是明天,,2024-02-08,2026-03-24 15:58:17
110241,UN1TE feat.YUC'e,,2024-03-07,2026-03-24 15:58:17
110242,Beautiful Days,,2024-05-30,2026-03-24 15:58:17
110243,After Rain,,2022-05-30,2026-03-24 15:58:17
110244,LostPuppet,,2022-05-30,2026-03-24 15:58:17
110245,Pure White: Tale of Serissa,,2022-05-30,2026-03-24 15:58:17
110246,A Clock,,2022-05-30,2026-03-24 15:58:17
110247,Aqua Theme,,2024-08-08,2026-03-24 15:58:17
110248,又一遍的歌,,2025-01-02,2026-03-24 15:58:17
110249,A Time for Everything,,2022-05-30,2026-03-24 15:58:17
110250,심장병,,2022-05-30,2026-03-24 15:58:17
110251,别れの序曲,,2022-09-09,2026-03-24 15:58:17
110252,Autumn Breeze,,2022-09-09,2026-03-24 15:58:17
120001,Forgotten Asteroid,,2022-12-08,2026-03-24 15:58:17
120002,REDRAVE,,2022-12-08,2026-03-24 15:58:17
120003,Yorixiro,,2022-12-08,2026-03-24 15:58:17
120004,[NWAD],,2022-12-08,2026-03-24 15:58:17
120005,Lucid Trigger,,2022-12-08,2026-03-24 15:58:17
120006,resoLve,,2022-12-08,2026-03-24 15:58:17
120007,Etude -Sunset-,,2022-12-08,2026-03-24 15:58:17
120008,Tequila Sunrise And Planter's Punch,,2022-12-08,2026-03-24 15:58:17
120009,Cipher : /2&//<|0,,2022-12-08,2026-03-24 15:58:17
120010,Verreta,,2022-12-08,2026-03-24 15:58:17
120011,Rondo of the 3ND,,2022-12-08,2026-03-24 15:58:17
120012,On And On!!,,2022-12-08,2026-03-24 15:58:17
120013,Cereris,,2022-12-08,2026-03-24 15:58:17
120014,虚,,2022-12-08,2026-03-24 15:58:17
120015,Vault of Sky,,2022-12-08,2026-03-24 15:58:17
120016,Awaken In Ruins,,2022-12-08,2026-03-24 15:58:17
120017,Pulsar,,2022-12-08,2026-03-24 15:58:17
120018,Turning POINT,,2022-12-08,2026-03-24 15:58:17
120019,Chase,,2022-12-08,2026-03-24 15:58:17
120020,Only One Light,,2022-12-08,2026-03-24 15:58:17
120021,零號車輛,,2022-12-08,2026-03-24 15:58:17
120022,FATE FIRE,,2022-12-08,2026-03-24 15:58:17
120023,キミとボクへの葬送歌,,2022-12-08,2026-03-24 15:58:17
120024,Burn,,2022-12-08,2026-03-24 15:58:17
120025,爆裂魔法,,2022-12-08,2026-03-24 15:58:17
120026,[PRAW],,2022-12-08,2026-03-24 15:58:17
120027,Protection,,2022-12-08,2026-03-24 15:58:17
120028,VEZZELiX,,2022-12-08,2026-03-24 15:58:17
120029,Restricted Access,,2022-12-08,2026-03-24 15:58:17
120030,Press,,2022-12-08,2026-03-24 15:58:17
120031,IKAROS,,2022-12-08,2026-03-24 15:58:17
120032,Secret Maneuvers,,2022-12-08,2026-03-24 15:58:17
120033,Subterranean Blastoff,,2022-12-08,2026-03-24 15:58:17
120034,Class Memories,,2022-12-08,2026-03-24 15:58:17
120035,Save And Continue,,2022-12-08,2026-03-24 15:58:17
120036,Winter ↑cube↓,,2022-12-08,2026-03-24 15:58:17
120037,Indelible Scar,,2022-12-08,2026-03-24 15:58:17
120038,Encore,,2022-12-08,2026-03-24 15:58:17
120039,Reversed Zenith,,2022-12-08,2026-03-24 15:58:17
120040,Chronostasis,,2022-12-08,2026-03-24 15:58:17
120041,Marsh Winds,,2022-12-08,2026-03-24 15:58:17
120042,Time's Up,,2022-12-08,2026-03-24 15:58:17
120043,Can't it be true,,2023-01-03,2026-03-24 15:58:17
120044,The Night City,,2023-01-03,2026-03-24 15:58:17
120045,Hiyaiya!,,2023-01-16,2026-03-24 15:58:17
120046,Equality of Equites,,2023-01-16,2026-03-24 15:58:17
120047,OCCHOCO-REST-LESS,,2023-01-16,2026-03-24 15:58:17
120048,SUTTA MONDAY,,2023-01-16,2026-03-24 15:58:17
120049,Gray：MachineGang,,2023-03-03,2026-03-24 15:58:17
120050,Black：Magnam,,2023-03-03,2026-03-24 15:58:17
120051,White：Revolve,,2023-03-03,2026-03-24 15:58:17
120052,Chartreuse Green,,2023-04-10,2026-03-24 15:58:17
120053,Psyched Fevereiro,,2023-04-10,2026-03-24 15:58:17
120054,BPM=RT,,2023-04-10,2026-03-24 15:58:17
120055,Inner Norm,,2023-04-10,2026-03-24 15:58:17
120056,Rrhar'il,,2023-04-10,2026-03-24 15:58:17
120057,macro.wav,,2023-04-10,2026-03-24 15:58:17
120058,Clock Paradox,,2023-04-10,2026-03-24 15:58:17
120059,Skyscape,,2023-04-10,2026-03-24 15:58:17
120060,Paradial Resonator,,2023-04-10,2026-03-24 15:58:17
120061,Dogbite,,2023-04-10,2026-03-24 15:58:17
120062,Xenolith,,2023-04-26,2026-03-24 15:58:17
120063,Rebooted Mind,,2023-06-13,2026-03-24 15:58:17
120064,Viyella's Melancholy,,2023-06-13,2026-03-24 15:58:17
120065,Yokyuumi,,2023-06-13,2026-03-24 15:58:17
120066,#D3D3D3 (Blank Universe),,2023-06-13,2026-03-24 15:58:17
120067,Cross†Ray,,2023-06-28,2026-03-24 15:58:17
120068,Anökumene,,2023-06-28,2026-03-24 15:58:17
120069,c.s.q.n.,,2023-06-28,2026-03-24 15:58:17
120070,Grilled Cheese Burger,,2023-07-14,2026-03-24 15:58:17
120071,夏色の思い出,,2023-08-07,2026-03-24 15:58:17
120072,Heartpoint,,2023-08-07,2026-03-24 15:58:17
120073,Veil of Summer,,2023-08-07,2026-03-24 15:58:17
120074,Mint Choco,,2023-08-07,2026-03-24 15:58:17
120075,Pantomime,,2023-08-18,2026-03-24 15:58:17
120076,Divergence,,2023-08-18,2026-03-24 15:58:17
120077,Ashes,,2023-09-01,2026-03-24 15:58:17
120078,ほしぞらトラベル,,2023-09-01,2026-03-24 15:58:17
120079,Little Boy,,2023-09-01,2026-03-24 15:58:17
120080,Invaded,,2023-09-01,2026-03-24 15:58:17
120081,felys -final remix-,,2023-09-28,2026-03-24 15:58:17
120082,Artificial Existence,,2023-09-28,2026-03-24 15:58:17
120083,REDASH,,2023-09-28,2026-03-24 15:58:17
120084,Selenotaxis,,2023-09-28,2026-03-24 15:58:17
120085,Re: End of a Dream,,2023-09-28,2026-03-24 15:58:17
120086,TOT,,2023-10-27,2026-03-24 15:58:17
120087,OMG,,2023-10-27,2026-03-24 15:58:17
120088,Fracture Temporelle,,2023-11-10,2026-03-24 15:58:17
120089,Oriens,,2023-11-10,2026-03-24 15:58:17
120090,Houkago OVERDRIVE!!!!!,,2023-11-24,2026-03-24 15:58:17
120091,Unpredictable Nascent Invasion,,2023-11-24,2026-03-24 15:58:17
120092,Incineraxion,,2023-12-08,2026-03-24 15:58:17
120093,Blessed Bleath,,2023-12-08,2026-03-24 15:58:17
120094,Destr0yer,,2023-12-08,2026-03-24 15:58:17
120095,Echoes of the Forest,,2023-12-08,2026-03-24 15:58:17
120096,The Grand F-STAR,,2023-12-08,2026-03-24 15:58:17
120097,devil¿la6ue,,2023-12-08,2026-03-24 15:58:17
120098,Cybernetic Vampire,,2023-12-08,2026-03-24 15:58:17
120099,Paradigm Shift,,2023-12-08,2026-03-24 15:58:17
120100,RE; Boot,,2023-12-08,2026-03-24 15:58:17
120101,席替えやったー！,,2023-12-08,2026-03-24 15:58:17
120102,静寂に憂う,,2023-12-08,2026-03-24 15:58:17
120103,天Q.,,2023-12-08,2026-03-24 15:58:17
120104,EVERYTHING,,2023-12-08,2026-03-24 15:58:17
120105,Midnight Fairy Tale,,2023-12-22,2026-03-24 15:58:17
120106,Fading Star,,2023-12-22,2026-03-24 15:58:17
120107,Last farewell,,2023-12-30,2026-03-24 15:58:17
120108,Heart Eyes,,2023-12-30,2026-03-24 15:58:17
120109,Kokytos,,2023-12-30,2026-03-24 15:58:17
120110,Hemisphere,,2023-12-30,2026-03-24 15:58:17
120111,カラッポ・ノンフィクション,,2024-01-12,2026-03-24 15:58:17
120112,アイム・マイヒーロー,,2024-01-12,2026-03-24 15:58:17
120113,月下桜天國,,2024-02-09,2026-03-24 15:58:17
120114,クリムゾン帝王,,2024-02-09,2026-03-24 15:58:17
120115,Dimension Hacker,,2024-02-09,2026-03-24 15:58:17
120116,庚子桜天國,,2024-02-09,2026-03-24 15:58:17
120117,conflict,,2024-02-09,2026-03-24 15:58:17
120118,ARTEMiS,,2024-02-09,2026-03-24 15:58:17
120119,Chariot,,2024-02-09,2026-03-24 15:58:17
120120,Knight Rider,,2024-02-09,2026-03-24 15:58:17
120121,猫娘,,2024-02-09,2026-03-24 15:58:17
120122,Let you DIVE!,,2024-02-09,2026-03-24 15:58:17
120123,MilK,,2024-02-09,2026-03-24 15:58:17
120124,Ouvertüre,,2024-02-09,2026-03-24 15:58:17
120125,今天不是明天 (feat. 兰音Reine),,2024-02-09,2026-03-24 15:58:17
120126,Avantgarde,,2024-02-09,2026-03-24 15:58:17
120127,天使光輪,,2024-02-09,2026-03-24 15:58:17
120128,EPHMR,,2024-02-09,2026-03-24 15:58:17
120129,WORLDCALL,,2024-02-09,2026-03-24 15:58:17
120130,Kronos,,2024-02-09,2026-03-24 15:58:17
120131,桜花怨雷,,2024-03-09,2026-03-24 15:58:17
120132,胡蝶乃舞,,2024-03-09,2026-03-24 15:58:17
120133,緋星,,2024-03-09,2026-03-24 15:58:17
120134,爱上想象的你 (feat. 穆小泠),,2024-03-09,2026-03-24 15:58:17
120135,恶修女——永火熔铸 (feat. 黑泽诺亚NOIR),,2024-03-09,2026-03-24 15:58:17
120136,Kakuriyo,,2024-03-09,2026-03-24 15:58:17
120137,甜涩之梦 (feat. 早稻叽),,2024-03-09,2026-03-24 15:58:17
120138,Alexandrite,,2024-03-25,2026-03-24 15:58:17
120139,CO5M1C R4ILR0AD,,2024-03-25,2026-03-24 15:58:17
120140,Disintegrate of Eden,,2024-03-25,2026-03-24 15:58:17
120141,Distorted Fate,,2024-04-05,2026-03-24 15:58:17
120142,Retribution,,2024-04-05,2026-03-24 15:58:17
120143,"DESTRUCTION 3,2,1",,2024-04-05,2026-03-24 15:58:17
120144,Luminescence,,2024-04-05,2026-03-24 15:58:17
120145,Grin,,2024-04-19,2026-03-24 15:58:17
120146,Disorder,,2024-04-19,2026-03-24 15:58:17
120147,Name of oath,,2024-05-01,2026-03-24 15:58:17
120148,Never Escape,,2024-05-01,2026-03-24 15:58:17
120149,Act Beloved,,2024-05-01,2026-03-24 15:58:17
120150,When the rain,,2024-05-01,2026-03-24 15:58:17
120151,Life is PIANO,,2024-05-17,2026-03-24 15:58:17
120152,Permutation,,2024-05-17,2026-03-24 15:58:17
120153,ドラスティックジェネレイト (feat. mami),,2024-06-09,2026-03-24 15:58:17
120154,fatalist,,2024-06-09,2026-03-24 15:58:17
120155,Gloomy Flash (feat. mami),,2024-06-09,2026-03-24 15:58:17
120156,Mr.Midnight,,2024-06-09,2026-03-24 15:58:17
120157,One Step Closer,,2024-06-09,2026-03-24 15:58:17
120158,Signal (feat. Such),,2024-06-09,2026-03-24 15:58:17
120159,Complex Mind,,2024-06-09,2026-03-24 15:58:17
120160,Flamenco House,,2024-06-09,2026-03-24 15:58:17
120161,Don't Hurt Me,,2024-06-09,2026-03-24 15:58:17
120162,幽霊 (feat. カミるれ),,2024-06-09,2026-03-24 15:58:17
120163,Cross†Soul,,2024-07-05,2026-03-24 15:58:17
120164,星屑物語,,2024-07-05,2026-03-24 15:58:17
120165,NightTheater,,2024-07-05,2026-03-24 15:58:17
120166,Stormy Rage,,2024-07-05,2026-03-24 15:58:17
120167,Intellectual Breeze,,2024-07-05,2026-03-24 15:58:17
120168,WHIRLWIND,,2024-07-05,2026-03-24 15:58:17
120169,Song for Sprites,,2024-07-25,2026-03-24 15:58:17
120170,Frey's Philosophy,,2024-07-25,2026-03-24 15:58:17
120171,Stasis,,2024-07-25,2026-03-24 15:58:17
120172,Protoflicker,,2024-07-25,2026-03-24 15:58:17
120173,cyanine,,2024-08-09,2026-03-24 15:58:17
120174,Wolves Standing Towards Enemies,,2024-08-09,2026-03-24 15:58:17
120175,Rainmaker,,2024-08-09,2026-03-24 15:58:17
120176,Androgynos,,2024-08-09,2026-03-24 15:58:17
120177,Zephyrs,,2024-08-23,2026-03-24 15:58:17
120178,Infomorph,,2024-08-23,2026-03-24 15:58:17
120179,Meteorite Lotus,,2024-08-23,2026-03-24 15:58:17
120180,Final Farewell,,2024-08-23,2026-03-24 15:58:17
120181,DataErr0r,,2024-09-13,2026-03-24 15:58:17
120182,Traveler ~Stand Aloof~,,2024-09-13,2026-03-24 15:58:17
120183,Halcyon,,2024-09-13,2026-03-24 15:58:17
120184,Aleph-0,,2024-09-13,2026-03-24 15:58:17
120185,夢/あるいは在りし日の,,2024-09-13,2026-03-24 15:58:17
120186,無彩色のディストピア,,2024-10-01,2026-03-24 15:58:17
120187,Secret Illumination,,2024-10-01,2026-03-24 15:58:17
120188,The Promised Land,,2024-10-01,2026-03-24 15:58:17
120189,Heaven's Cage,,2024-10-01,2026-03-24 15:58:17
120190,翠杜,,2024-10-01,2026-03-24 15:58:17
120191,Looking for Stella,,2024-10-01,2026-03-24 15:58:17
120192,Spinel,,2024-10-01,2026-03-24 15:58:17
120193,GALACTIC WARZONE,,2024-10-01,2026-03-24 15:58:17
120194,PUPA (GRG REMIX),,2024-10-25,2026-03-24 15:58:17
120195,PUPA (uma Remix),,2024-10-25,2026-03-24 15:58:17
120196,PUPA,,2024-10-25,2026-03-24 15:58:17
120197,Spell of chaoS,,2024-10-25,2026-03-24 15:58:17
120198,Blue Sphere,,2024-11-08,2026-03-24 15:58:17
120199,grandnebula,,2024-11-08,2026-03-24 15:58:17
120200,Astral Injection,,2024-11-08,2026-03-24 15:58:17
120201,Radial Raylights,,2024-11-08,2026-03-24 15:58:17
120202,Orfevre,,2024-12-06,2026-03-24 15:58:17
120203,Observatory,,2024-12-06,2026-03-24 15:58:17
120204,浮世絵横丁,,2024-12-06,2026-03-24 15:58:17
120205,Iridescence,,2024-12-06,2026-03-24 15:58:17
120206,verite,,2024-12-06,2026-03-24 15:58:17
120207,Downfall,,2024-12-06,2026-03-24 15:58:17
120208,И00.,,2024-12-06,2026-03-24 15:58:17
120209,Akasagarbha -reincarnate-,,2024-12-06,2026-03-24 15:58:17
120210,祈雨の菖蒲,,2024-12-06,2026-03-24 15:58:17
120211,Damped Fall,,2024-12-06,2026-03-24 15:58:17
120212,olvido,,2024-12-06,2026-03-24 15:58:17
120213,Awakening of Civilization,,2024-12-06,2026-03-24 15:58:17
120214,Magdalena,,2024-12-06,2026-03-24 15:58:17
120215,✧･ﾟ•.sweet dreams+-｡-✧,,2024-12-06,2026-03-24 15:58:17
120216,Pourqaa,,2024-12-06,2026-03-24 15:58:17
120217,Abyssgazer,,2024-12-14,2026-03-24 15:58:17
120218,Paradigm la noche,,2024-12-14,2026-03-24 15:58:17
120219,PrayStation,,2024-12-27,2026-03-24 15:58:17
120220,Platinum,,2024-12-27,2026-03-24 15:58:17
120221,Wilt,,2024-12-27,2026-03-24 15:58:17
120222,Hydra,,2024-12-27,2026-03-24 15:58:17
120223,Prayers for the Colourless,,2024-12-27,2026-03-24 15:58:17
120224,New Quest,,2024-12-27,2026-03-24 15:58:17
120225,The Whole Rest,,2024-12-27,2026-03-24 15:58:17
120226,Noël,,2024-12-27,2026-03-24 15:58:17
120227,Kimi to mita sora no uta,,2024-12-27,2026-03-24 15:58:17
120228,Kirakira Noel Story!!,,2024-12-27,2026-03-24 15:58:17
120229,Maboroshi,,2024-12-27,2026-03-24 15:58:17
120230,Incyde,,2025-01-17,2026-03-24 15:58:17
120231,Chrome VOX,,2025-01-17,2026-03-24 15:58:17
120232,Alexandrite,,2025-01-17,2026-03-24 15:58:17
120233,Flame Dark,,2025-01-17,2026-03-24 15:58:17
120234,漂流,,2025-01-17,2026-03-24 15:58:17
120235,Tougenkyou,,2025-01-17,2026-03-24 15:58:17
120236,Kokoro,,2025-01-17,2026-03-24 15:58:17
120237,Time Phase Pt.1,,2025-01-17,2026-03-24 15:58:17
120238,I can avoid it.#φωφ,,2025-01-17,2026-03-24 15:58:17
120239,Owari to Hajimari no Oto,,2025-01-17,2026-03-24 15:58:17
120240,驟雨の狭間,,2025-01-28,2026-03-24 15:58:17
120241,Sense,,2025-01-28,2026-03-24 15:58:17
130255,Shelter,,2025-01-17,2026-03-24 15:58:17
130256,蝎虎天体 -Lacertid-,,2025-01-17,2026-03-24 15:58:17
130252,白と黒のバケモノ,,2024-12-29,2026-03-24 15:58:17
130253,Devotion,,2024-12-29,2026-03-24 15:58:17
130254,Kirakira Noel Story!!,,2024-12-29,2026-03-24 15:58:17
130249,Comet,,2024-11-29,2026-03-24 15:58:17
130250,Fixations Toward the Stars,,2024-11-29,2026-03-24 15:58:17
130251,valor/starcross,,2024-11-29,2026-03-24 15:58:17
130247,Le temps perdu,,2024-11-08,2026-03-24 15:58:17
130248,Schadenfreude,,2024-11-08,2026-03-24 15:58:17
130130,君往何处 (Quo Vadis),,2024-10-19,2026-03-24 15:58:17
130131,暗夜苏醒 (REANIMATE),,2024-10-19,2026-03-24 15:58:17
130132,黄金之城 (GOLD TOWN),,2024-10-19,2026-03-24 15:58:17
130133,双重间谍 (Double Agent),,2024-10-19,2026-03-24 15:58:17
130134,幻影鬼魅 (PLEASE),,2024-10-19,2026-03-24 15:58:17
130245,Thrash force,,2024-09-20,2026-03-24 15:58:17
130246,Originally,,2024-09-20,2026-03-24 15:58:17
130062,心の記憶,,2024-08-31,2026-03-24 15:58:17
130063,Spotlight,,2024-08-31,2026-03-24 15:58:17
130064,NightTheater,,2024-08-31,2026-03-24 15:58:17
130065,Ramification,,2024-08-31,2026-03-24 15:58:17
130066,Der Richter,,2024-08-31,2026-03-24 15:58:17
130067,ATHAZA,,2024-08-31,2026-03-24 15:58:17
130117,月詠に鳴る,,2024-08-31,2026-03-24 15:58:17
130244,Grimheart,,2024-08-31,2026-03-24 15:58:17
130127,Cuvism³,,2024-07-26,2026-03-24 15:58:17
130128,iL-Artifact,,2024-07-26,2026-03-24 15:58:17
130129,a truth seeker -Communication with Utopia will be lost-,,2024-07-26,2026-03-24 15:58:17
130243,Bounded Quietude,,2024-07-26,2026-03-24 15:58:17
130242,今天不是明天,,2024-07-12,2026-03-24 15:58:17
130124,幽世桔梗,,2024-06-28,2026-03-24 15:58:17
130125,千紫万紅,,2024-06-28,2026-03-24 15:58:17
130126,明鏡烈火,,2024-06-28,2026-03-24 15:58:17
130241,Bloom,,2024-05-31,2026-03-24 15:58:17
130240,Shine After,,2024-05-10,2026-03-24 15:58:17
130238,Antithese,,2024-04-26,2026-03-24 15:58:17
130239,PRAGMATISM -RESURRECTION-,,2024-04-26,2026-03-24 15:58:17
130120,Xenolith,,2024-04-05,2026-03-24 15:58:17
130121,Artificial Existence,,2024-04-05,2026-03-24 15:58:17
130122,Indelible Scar,,2024-04-05,2026-03-24 15:58:17
130237,BRAIN HACKER,,2024-04-01,2026-03-24 15:58:17
130236,Broken Sky,,2024-03-15,2026-03-24 15:58:17
130057,Khalid,,2024-02-24,2026-03-24 15:58:17
130058,Quantum Hyperspace,,2024-02-24,2026-03-24 15:58:17
130059,Freaky Undulations ~Noble Knights of Tune~,,2024-02-24,2026-03-24 15:58:17
130060,PANIC PARADISE,,2024-02-24,2026-03-24 15:58:17
130061,Re：End of a Dream,,2024-02-24,2026-03-24 15:58:17
130234,Crush BETA,,2024-02-02,2026-03-24 15:58:17
130235,"G.V.N. (Glitter, Vomitus and Neon)",,2024-02-02,2026-03-24 15:58:17
130114,ストレイソウル・アラウンド,,2024-01-19,2026-03-24 15:58:17
130115,Manifold Hypothesis,,2024-01-19,2026-03-24 15:58:17
130116,K.Moe (VIP),,2024-01-19,2026-03-24 15:58:17
130232,bye,,2023-12-29,2026-03-24 15:58:17
130233,聖夜讃歌,,2023-12-29,2026-03-24 15:58:17
130118,TECHNOPOLIS 2085,,2023-12-15,2026-03-24 15:58:17
130119,祈 -我ら神祖と共に歩む者なり-,,2023-12-15,2026-03-24 15:58:17
130111,Journey with You,,2023-11-17,2026-03-24 15:58:17
130112,Secret Illumination,,2023-11-17,2026-03-24 15:58:17
130113,Inverted World,,2023-11-17,2026-03-24 15:58:17
130230,"Silence is Golden, Speech is Golden",,2023-10-27,2026-03-24 15:58:17
130231,Fractured Angel,,2023-10-27,2026-03-24 15:58:17
130228,Diamond Eyes,,2023-09-29,2026-03-24 15:58:17
130229,Bitterblossom,,2023-09-29,2026-03-24 15:58:17
130135,S.A.T.E.L.L.I.T.E.,,2023-08-31,2026-03-24 15:58:17
130136,Dance with Silence,,2023-08-31,2026-03-24 15:58:17
130137,Labyrinth in Kowloon: Walled World,,2023-08-31,2026-03-24 15:58:17
130138,Compute It With Some Devilish Alcoholic Steampunk Engines,,2023-08-31,2026-03-24 15:58:17
130139,+ERABY+E CONNEC+10N,,2023-08-31,2026-03-24 15:58:17
130227,Triumph & Regret,,2023-08-18,2026-03-24 15:58:17
130226,ぱぴぷぴぷぴぱ,,2023-07-28,2026-03-24 15:58:17
130224,Rainy Heart,,2023-07-07,2026-03-24 15:58:17
130225,Realms,,2023-07-07,2026-03-24 15:58:17
130105,神話,,2023-06-09,2026-03-24 15:58:17
130106,El último baile,,2023-06-09,2026-03-24 15:58:17
130107,Trojan,,2023-06-09,2026-03-24 15:58:17
130108,Temporal Shifting,,2023-06-09,2026-03-24 15:58:17
130109,Ad astra per aspera,,2023-06-09,2026-03-24 15:58:17
130110,A journey to the moonlight,,2023-06-09,2026-03-24 15:58:17
130222,Bougainvillea,,2023-05-19,2026-03-24 15:58:17
130223,"Now Is The Time, Do It",,2023-05-19,2026-03-24 15:58:17
130040,Crave Wave,,2023-04-21,2026-03-24 15:58:17
130041,The Chariot ~REVIIVAL~,,2023-04-21,2026-03-24 15:58:17
130042,Luminescence,,2023-04-21,2026-03-24 15:58:17
130043,Retribution,,2023-04-21,2026-03-24 15:58:17
130044,"DESTRUCTION 3,2,1",,2023-04-21,2026-03-24 15:58:17
130045,Distorted Fate,,2023-04-21,2026-03-24 15:58:17
130123,零號車輛,,2023-03-31,2026-03-24 15:58:17
130221,Random,,2023-03-31,2026-03-24 15:58:17
130218,インフェルノシティ,,2023-02-24,2026-03-24 15:58:17
130219,Upshift,,2023-02-24,2026-03-24 15:58:17
130220,Poison AND÷OR Affection,,2023-02-24,2026-03-24 15:58:17
130101,盏茗,,2023-01-22,2026-03-24 15:58:17
130102,青芽,,2023-01-22,2026-03-24 15:58:17
130103,瓷岁,,2023-01-22,2026-03-24 15:58:17
130104,Feast远东之宴,,2023-01-22,2026-03-24 15:58:17
130217,青丘,,2023-01-13,2026-03-24 15:58:17
130215,Believe Light (feat. 果丸哒呦),,2022-12-24,2026-03-24 15:58:17
130216,Pont des souvenirs,,2022-12-24,2026-03-24 15:58:17
130213,El Condor Pasa (Phigros Edit),,2022-11-25,2026-03-24 15:58:17
130214,Break Over,,2022-11-25,2026-03-24 15:58:17
130211,Eternal Snow,,2022-11-04,2026-03-24 15:58:17
130212,Rainy Season,,2022-11-04,2026-03-24 15:58:17
130209,c.s.q.n.,,2022-09-23,2026-03-24 15:58:17
130210,Brave Notes,,2022-09-23,2026-03-24 15:58:17
130098,Shadow,,2022-08-31,2026-03-24 15:58:17
130099,心之所向,,2022-08-31,2026-03-24 15:58:17
130100,inferior,,2022-08-31,2026-03-24 15:58:17
130208,DataErr0r,,2022-08-31,2026-03-24 15:58:17
130207,On And On!!,,2022-08-12,2026-03-24 15:58:17
130206,月下缭乱,,2022-07-22,2026-03-24 15:58:17
130205,いざ、参ります,,2022-07-01,2026-03-24 15:58:17
130093,Apocalypse,,2022-06-10,2026-03-24 15:58:17
130094,Protoflicker,,2022-06-10,2026-03-24 15:58:17
130095,Horizon Blue,,2022-06-10,2026-03-24 15:58:17
130096,You are the Miserable,,2022-06-10,2026-03-24 15:58:17
130097,Stasis,,2022-06-10,2026-03-24 15:58:17
130203,I Must Say No,,2022-05-20,2026-03-24 15:58:17
130204,opia,,2022-05-20,2026-03-24 15:58:17
130052,Demonkin,,2022-04-29,2026-03-24 15:58:17
130053,Re_Nascence (Psystyle Ver.),,2022-04-29,2026-03-24 15:58:17
130054,Ark,,2022-04-29,2026-03-24 15:58:17
130055,After Dawn,,2022-04-29,2026-03-24 15:58:17
130056,INFiNiTE ENERZY -Overdoze-,,2022-04-29,2026-03-24 15:58:17
130202,FULi AUTO BUSTER,,2022-04-01,2026-03-24 15:58:17
130051,Demiurge,,2022-03-18,2026-03-24 15:58:17
130201,Luminescent,,2022-03-18,2026-03-24 15:58:17
130200,Future Mind,,2022-02-24,2026-03-24 15:58:17
130197,Dreamland,,2022-01-21,2026-03-24 15:58:17
130198,Another Round,,2022-01-21,2026-03-24 15:58:17
130199,996,,2022-01-21,2026-03-24 15:58:17
130088,Time to Night Sky (feat. Lee Yu Jin),,2021-12-24,2026-03-24 15:58:17
130089,HAZARD,,2021-12-24,2026-03-24 15:58:17
130090,Another Me,,2021-12-24,2026-03-24 15:58:17
130091,Don't Never Around,,2021-12-24,2026-03-24 15:58:17
130092,RESSiSTANCE,,2021-12-24,2026-03-24 15:58:17
130195,Concvssion,,2021-12-24,2026-03-24 15:58:17
130196,ジングルベル(Jingle Bell),,2021-12-24,2026-03-24 15:58:17
130194,ρars/ey,,2021-11-12,2026-03-24 15:58:17
130034,Clock Paradox,,2021-10-22,2026-03-24 15:58:17
130035,Chronologika,,2021-10-22,2026-03-24 15:58:17
130036,Nick of Time,,2021-10-22,2026-03-24 15:58:17
130037,Chronomia,,2021-10-22,2026-03-24 15:58:17
130038,Chronos Collapse - La Campanella,,2021-10-22,2026-03-24 15:58:17
130039,Rrhar'il,,2021-10-22,2026-03-24 15:58:17
130191,Nhelv,,2021-10-22,2026-03-24 15:58:17
130192,-Arkhei-,,2021-10-22,2026-03-24 15:58:17
130193,Kerberos,,2021-10-22,2026-03-24 15:58:17
130190,energy trixxx,,2021-07-25,2026-03-24 15:58:17
130188,Apocalyptic,,2021-07-09,2026-03-24 15:58:17
130189,游园地,,2021-07-09,2026-03-24 15:58:17
130186,With You,,2021-06-18,2026-03-24 15:58:17
130187,Unorthodox Thoughts,,2021-06-18,2026-03-24 15:58:17
130085,XING,,2021-05-28,2026-03-24 15:58:17
130086,Final Step!,,2021-05-28,2026-03-24 15:58:17
130087,Cthugha,,2021-05-28,2026-03-24 15:58:17
130081,Initialize,,2021-04-30,2026-03-24 15:58:17
130082,桜樹街道,,2021-04-30,2026-03-24 15:58:17
130083,Get Ready!!,,2021-04-30,2026-03-24 15:58:17
130084,volcanic,,2021-04-30,2026-03-24 15:58:17
130185,Better Graphic Animation,,2021-04-30,2026-03-24 15:58:17
130183,大和撫子 -Wild Dances-,,2021-04-15,2026-03-24 15:58:17
130184,Eltaw,,2021-04-15,2026-03-24 15:58:17
130182,Wavetapper,,2021-04-01,2026-03-24 15:58:17
130180,Cervelle Connexion,,2021-01-15,2026-03-24 15:58:17
130181,modulus,,2021-01-15,2026-03-24 15:58:17
130177,Äventyr,,2020-12-24,2026-03-24 15:58:17
130178,Träne,,2020-12-24,2026-03-24 15:58:17
130179,雪降り、メリクリ,,2020-12-24,2026-03-24 15:58:17
130176,Hardcore Kwaya,,2020-12-11,2026-03-24 15:58:17
130046,Ποσειδών,,2020-11-28,2026-03-24 15:58:17
130047,WATER,,2020-11-28,2026-03-24 15:58:17
130048,Miracle Forest (VIP Mix),,2020-11-28,2026-03-24 15:58:17
130049,MOBILYS,,2020-11-28,2026-03-24 15:58:17
130050,Lyrith-迷宮リリス-,,2020-11-28,2026-03-24 15:58:17
130174,Electron,,2020-11-13,2026-03-24 15:58:17
130175,SIGMA,,2020-11-13,2026-03-24 15:58:17
130172,Parallel Retrogression (Game Ver.),,2020-10-23,2026-03-24 15:58:17
130173,Starduster,,2020-10-23,2026-03-24 15:58:17
130170,Orthodox,,2020-09-19,2026-03-24 15:58:17
130171,End Me,,2020-09-19,2026-03-24 15:58:17
130028,Colorful Days♪,,2020-08-31,2026-03-24 15:58:17
130029,micro.wav,,2020-08-31,2026-03-24 15:58:17
130030,重生,,2020-08-31,2026-03-24 15:58:17
130031,NO ONE YES MAN,,2020-08-31,2026-03-24 15:58:17
130032,望影の方舟Six,,2020-08-31,2026-03-24 15:58:17
130033,Igallta,,2020-08-31,2026-03-24 15:58:17
130169,The Mountain Eater,,2020-08-31,2026-03-24 15:58:17
130076,GOODTEK,,2020-07-17,2026-03-24 15:58:17
130077,GOODBOUNCE,,2020-07-17,2026-03-24 15:58:17
130078,GOODWORLD,,2020-07-17,2026-03-24 15:58:17
130079,GOODFORTUNE,,2020-07-17,2026-03-24 15:58:17
130080,GOODRAGE,,2020-07-17,2026-03-24 15:58:17
130027,Leave All Behind,,2020-07-03,2026-03-24 15:58:17
130168,Palescreen,,2020-06-19,2026-03-24 15:58:17
130167,Get Back,,2020-05-29,2026-03-24 15:58:17
130165,Speed Up!,,2020-05-23,2026-03-24 15:58:17
130166,Magenta Potion,,2020-05-23,2026-03-24 15:58:17
130073,Infinity Heaven,,2020-05-01,2026-03-24 15:58:17
130074,Disorder,,2020-05-01,2026-03-24 15:58:17
130075,CROSS†SOUL,,2020-05-01,2026-03-24 15:58:17
130164,Dead Soul,,2020-04-01,2026-03-24 15:58:17
130068,Another Me,,2020-03-20,2026-03-24 15:58:17
130069,mechanted,,2020-03-20,2026-03-24 15:58:17
130070,life flashes before weeb eyes,,2020-03-20,2026-03-24 15:58:17
130071,Break Through The Barrier,,2020-03-20,2026-03-24 15:58:17
130072,Chronostasis,,2020-03-20,2026-03-24 15:58:17
130162,Next Time,,2020-03-05,2026-03-24 15:58:17
130163,Rubbish Sorting,,2020-03-05,2026-03-24 15:58:17
130021,NYA!!!(Phigros ver.),,2020-02-21,2026-03-24 15:58:17
130022,JunXion Between Life And Death(VIP Mix),,2020-02-21,2026-03-24 15:58:17
130023,cryout,,2020-02-21,2026-03-24 15:58:17
130024,Reimei,,2020-02-21,2026-03-24 15:58:17
130025,尊師 ～The Guru～,,2020-02-21,2026-03-24 15:58:17
130026,Spasmodic,,2020-02-21,2026-03-24 15:58:17
130161,Aleph-0,,2020-01-24,2026-03-24 15:58:17
130159,Snow Desert,,2019-12-24,2026-03-24 15:58:17
130160,Burn,,2019-12-24,2026-03-24 15:58:17
130158,Khronostasis Katharsis,,2019-12-06,2026-03-24 15:58:17
130157,Sparkle New Life,,2019-11-22,2026-03-24 15:58:17
130154,Find_Me,,2019-11-15,2026-03-24 15:58:17
130155,Sein,,2019-11-15,2026-03-24 15:58:17
130156,狂喜蘭舞,,2019-11-15,2026-03-24 15:58:17
130151,Aphasia,,2019-10-25,2026-03-24 15:58:17
130152,开心病,,2019-10-25,2026-03-24 15:58:17
130153,華灯爱,,2019-10-25,2026-03-24 15:58:17
130001,Glaciaxion,,2019-09-27,2026-03-24 15:58:17
130002,Eradication Catastrophe,,2019-09-27,2026-03-24 15:58:17
130003,Credits,,2019-09-27,2026-03-24 15:58:17
130004,Dlyrotz,,2019-09-27,2026-03-24 15:58:17
130005,Engine x Start!! (melody mix),,2019-09-27,2026-03-24 15:58:17
130006,光,,2019-09-27,2026-03-24 15:58:17
130007,Winter ↑cube↓,,2019-09-27,2026-03-24 15:58:17
130008,混乱-Confusion,,2019-09-27,2026-03-24 15:58:17
130009,Cipher : /2&//<|0,,2019-09-27,2026-03-24 15:58:17
130010,FULi AUTO SHOOTER,,2019-09-27,2026-03-24 15:58:17
130011,HumaN,,2019-09-27,2026-03-24 15:58:17
130012,[PRAW],,2019-09-27,2026-03-24 15:58:17
130013,Cereris,,2019-09-27,2026-03-24 15:58:17
130014,Pixel Rebelz,,2019-09-27,2026-03-24 15:58:17
130015,Non-Melodic Ragez(MUG Edit),,2019-09-27,2026-03-24 15:58:17
130016,Sultan Rage,,2019-09-27,2026-03-24 15:58:17
130017,Class Memories,,2019-09-27,2026-03-24 15:58:17
130018,-SURREALISM-,,2019-09-27,2026-03-24 15:58:17
130019,Bonus Time,,2019-09-27,2026-03-24 15:58:17
130020,ENERGY SYNERGY MATRIX,,2019-09-27,2026-03-24 15:58:17
130140,Doppelganger,,2019-08-31,2026-03-24 15:58:17
130141,もぺもぺ,,2019-08-31,2026-03-24 15:58:17
130142,MARENOL,,2019-08-31,2026-03-24 15:58:17
130143,萤火虫の怨,,2019-08-31,2026-03-24 15:58:17
130144,万吨匿名信,,2019-08-31,2026-03-24 15:58:17
130145,风屿,,2019-08-31,2026-03-24 15:58:17
130146,dB doll,,2019-08-31,2026-03-24 15:58:17
130147,Dash,,2019-08-31,2026-03-24 15:58:17
130148,云女孩,,2019-08-31,2026-03-24 15:58:17
130149,Drop It,,2019-08-31,2026-03-24 15:58:17
130150,RIPPER,,2019-08-31,2026-03-24 15:58:17
140001,雨霖铃,,2021-02-21,2026-03-24 15:58:17
140002,Cryheart,,2021-02-21,2026-03-24 15:58:17
140003,Bailar,,2021-02-21,2026-03-24 15:58:17
140004,Tales of Ginkgo,,2021-02-21,2026-03-24 15:58:17
140005,BZenith,,2021-02-21,2026-03-24 15:58:17
140006,Apocalypse Seed,,2021-02-21,2026-03-24 15:58:17
140007,Brain Crash,,2021-09-29,2026-03-24 15:58:17
140008,UNTITLED,,2021-02-21,2026-03-24 15:58:17
140009,Emotional Confusion,,2021-02-21,2026-03-24 15:58:17
140010,Chartreuse Green,,2021-02-21,2026-03-24 15:58:17
140011,BiBiC Heart,,2021-02-21,2026-03-24 15:58:17
140012,"SCHADEN ~Schubert: Erlkönig, D.328~",,2021-02-21,2026-03-24 15:58:17
140013,Spark!e,,2021-02-21,2026-03-24 15:58:17
140014,Angel Wing,,2021-02-21,2026-03-24 15:58:17
140015,ill city (Orzmic Edit),,2021-02-21,2026-03-24 15:58:17
140016,Star Fall in Evernight City,,2021-06-18,2026-03-24 15:58:17
140017,rvp7vre,,2021-09-29,2026-03-24 15:58:17
140018,Skyscrapers Stage,,2021-09-29,2026-03-24 15:58:17
140019,Forgotten Emotions,,2021-09-29,2026-03-24 15:58:17
140020,Singularity,,2022-03-04,2026-03-24 15:58:17
140021,Iridescent Gazer,,2022-03-04,2026-03-24 15:58:17
140022,proto:messiah,,2022-03-04,2026-03-24 15:58:17
140023,Enchanted,,2022-03-04,2026-03-24 15:58:17
140024,Fiend Demme,,2022-03-04,2026-03-24 15:58:17
140025,Freedom Wing,,2022-10-01,2026-03-24 15:58:17
140026,Haerkzs,,2022-10-01,2026-03-24 15:58:17
140027,Falsely,,2022-10-01,2026-03-24 15:58:17
140028,FORRBIDDEN MAGICKA,,2022-10-01,2026-03-24 15:58:17
140029,Saintelmo,,2022-10-01,2026-03-24 15:58:17
140030,Target▲Zero,,2023-02-24,2026-03-24 15:58:17
140031,Cracked,,2023-02-24,2026-03-24 15:58:17
140032,Avys,,2023-02-24,2026-03-24 15:58:17
140033,GRAVITY ZOИE,,2023-02-24,2026-03-24 15:58:17
140034,Dead Angel,,2023-02-24,2026-03-24 15:58:17
140035,Tactics-Exhaustive,,2023-12-22,2026-03-24 15:58:17
140036,心機一轉[白],,2023-12-22,2026-03-24 15:58:17
140037,Qualia,,2023-12-22,2026-03-24 15:58:17
140038,Among Wolves,,2023-12-22,2026-03-24 15:58:17
140039,エセ交響詩[若き白の女王],,2023-12-22,2026-03-24 15:58:17
140040,Forbidden Area,,2024-01-13,2026-03-24 15:58:17
140041,つーく・つわんく,,2024-01-13,2026-03-24 15:58:17
140042,Orphe,,2024-01-13,2026-03-24 15:58:17
140043,Forget Me Not,,2024-01-13,2026-03-24 15:58:17
140044,The Last Flower,,2024-01-13,2026-03-24 15:58:17
140045,Aleph-0,,2021-02-21,2026-03-24 15:58:17
140046,conflict,,2021-02-21,2026-03-24 15:58:17
140047,Mandragora,,2021-02-21,2026-03-24 15:58:17
140048,PUPA,,2021-02-21,2026-03-24 15:58:17
140049,Access Granted,,2022-04-30,2026-03-24 15:58:17
140050,TSUSURVIVORGAMUSH,,2022-04-30,2026-03-24 15:58:17
140051,Access Denied,,2022-04-30,2026-03-24 15:58:17
140052,DataErr0r,,2021-04-11,2026-03-24 15:58:17
140053,Äventyr,,2021-04-11,2026-03-24 15:58:17
140054,Firefly City,,2021-04-11,2026-03-24 15:58:17
140055,Originally,,2021-04-11,2026-03-24 15:58:17
140056,The Last Page,,2021-04-11,2026-03-24 15:58:17
140057,Vanishing Glimmer,,2022-06-02,2026-03-24 15:58:17
140058,CROSS†OVER,,2022-06-02,2026-03-24 15:58:17
140059,斷劍の獄,,2022-06-02,2026-03-24 15:58:17
140060,Psalms～魂の還るばしょ～,,2021-06-18,2026-03-24 15:58:17
140061,Headache,,2021-06-18,2026-03-24 15:58:17
140062,OTTAMA GAZER,,2021-02-21,2026-03-24 15:58:17
140063,Asphodel Meadow,,2021-06-18,2026-03-24 15:58:17
140064,Chapters,,2021-06-18,2026-03-24 15:58:17
140065,写儀の少女Lix,,2021-06-18,2026-03-24 15:58:17
140066,BLVNK VIP,,2021-06-18,2026-03-24 15:58:17
140067,R.I.P.,,2021-06-18,2026-03-24 15:58:17
140068,Nhelv,,2022-12-12,2026-03-24 15:58:17
140069,Human Observer,,2022-12-12,2026-03-24 15:58:17
140070,NightTheater,,2022-12-12,2026-03-24 15:58:17
140071,銀世界にひとり,,2022-12-12,2026-03-24 15:58:17
140072,Rainbow,,2022-12-12,2026-03-24 15:58:17
140073,Kirakira Noel Story!!,,2024-12-25,2026-03-24 15:58:17
140074,Mahika,,2024-12-25,2026-03-24 15:58:17
140075,Hauynite,,2024-12-25,2026-03-24 15:58:17
140076,recall!!,,2024-06-22,2026-03-24 15:58:17
140077,Back In The Days,,2024-06-22,2026-03-24 15:58:17
140078,Elegy for the betrayed,,2024-06-22,2026-03-24 15:58:17
140079,Talc,,2024-06-22,2026-03-24 15:58:17
140080,Savant,,2024-06-22,2026-03-24 15:58:17
140081,City of Ashes,,2021-07-15,2026-03-24 15:58:17
140082,夢色,,2021-07-15,2026-03-24 15:58:17
140083,遗世之地,,2021-07-15,2026-03-24 15:58:17
140084,Agnostic,,2021-12-17,2026-03-24 15:58:17
140085,1 Spoon of Butter,,2021-12-17,2026-03-24 15:58:17
140086,Nakunaru,,2021-12-17,2026-03-24 15:58:17
140087,Fluorescent Light,,2023-07-28,2026-03-24 15:58:17
140088,ΗΣmolΨsis,,2023-07-28,2026-03-24 15:58:17
140089,The Everlasting Rain,,2023-07-28,2026-03-24 15:58:17
140090,光と色の世界,,2022-08-25,2026-03-24 15:58:17
140091,大正星空ロマンス,,2022-08-25,2026-03-24 15:58:17
140092,Colorful Subi,,2022-08-25,2026-03-24 15:58:17
140093,Crush BETA,,2023-01-21,2026-03-24 15:58:17
140094,Crush Keyboard,,2023-01-21,2026-03-24 15:58:17
140095,Crush Alcohol,,2023-01-21,2026-03-24 15:58:17
140096,Crush Expert,,2024-09-20,2026-03-24 15:58:17
140097,Flame Dark,,2023-08-25,2026-03-24 15:58:17
140098,Fantasia Sonata Destiny,,2023-08-25,2026-03-24 15:58:17
140099,Hello Halloween,,2023-08-25,2026-03-24 15:58:17
140100,Infinite Dreamtale,,2023-09-22,2026-03-24 15:58:17
140101,恶修女——永火熔铸,,2024-08-16,2026-03-24 15:58:17
140102,甜涩之梦,,2024-08-16,2026-03-24 15:58:17
140103,SONIC SURGE,,2024-08-16,2026-03-24 15:58:17
140104,繁焰明空-Fireworks-,,2024-09-20,2026-03-24 15:58:17
140105,旷野江清,,2024-09-20,2026-03-24 15:58:17
140106,somebody,,2024-10-19,2026-03-24 15:58:17
140107,When The Light Flows,,2024-10-19,2026-03-24 15:58:17
140108,cybernetic blazar,,2024-10-19,2026-03-24 15:58:17
140109,Helical Eye,,2022-12-31,2026-03-24 15:58:17
140110,Final Code-7,,2022-12-31,2026-03-24 15:58:17
140111,嫦娥奔月 -Lunar Paradoxx-,,2022-12-31,2026-03-24 15:58:17
140112,Syrinx,,2022-12-31,2026-03-24 15:58:17
140113,Artificial Intelligence,,2023-06-21,2026-03-24 15:58:17
140114,Platina,,2023-06-21,2026-03-24 15:58:17
140115,Altros,,2023-06-21,2026-03-24 15:58:17
140116,Spy-DR,,2023-11-18,2026-03-24 15:58:17
140117,Into the Depths,,2023-11-18,2026-03-24 15:58:17
140118,pulsar,,2023-11-18,2026-03-24 15:58:17
140119,Dream goes on,,2024-03-08,2026-03-24 15:58:17
140120,Weg,,2024-03-08,2026-03-24 15:58:17
140121,Horizon Blue,,2024-03-08,2026-03-24 15:58:17
140122,Frey's Philosophy,,2024-03-08,2026-03-24 15:58:17
140123,Wolves Standing Towards Enemies,,2024-03-08,2026-03-24 15:58:17
140124,Era Breath,,2021-09-29,2026-03-24 15:58:17
140125,Eligos,,2021-09-29,2026-03-24 15:58:17
140126,Splatter Doll,,2022-03-04,2026-03-24 15:58:17
140127,Gamol Hundgēar,,2022-10-01,2026-03-24 15:58:17
140128,Le Porteur d'Ombre,,2023-02-24,2026-03-24 15:58:17
140129,VorpΛlize,,2023-12-22,2026-03-24 15:58:17
140130,十拳剣,,2024-01-13,2026-03-24 15:58:17
140131,Beach at Dusk,,2021-02-21,2026-03-24 15:58:17
140132,UИOHЯ1Λ: Seventh Syberia Strike,,2021-02-21,2026-03-24 15:58:17
140133,Przepływświatła,,2021-02-21,2026-03-24 15:58:17
140134,Last Promise,,2021-03-07,2026-03-24 15:58:17
140135,Coming Down,,2021-03-07,2026-03-24 15:58:17
140136,Replacer,,2021-03-07,2026-03-24 15:58:17
140137,On And On!!,,2021-03-07,2026-03-24 15:58:17
140138,Myth(vip),,2021-05-01,2026-03-24 15:58:17
140139,Hardcore Ravers,,2021-05-01,2026-03-24 15:58:17
140140,Lights in the Painting,,2021-05-01,2026-03-24 15:58:17
140141,告白・告別,,2021-05-20,2026-03-24 15:58:17
140142,Break Through Myself feat.Risa Yuzuki,,2021-06-03,2026-03-24 15:58:17
140143,Finale Destination,,2021-07-16,2026-03-24 15:58:17
140144,Imperishable Moon,,2021-08-22,2026-03-24 15:58:17
140145,un secret,,2021-10-29,2026-03-24 15:58:17
140146,Dainsleif,,2021-10-29,2026-03-24 15:58:17
140147,Final Hope,,2021-10-29,2026-03-24 15:58:17
140148,c.s.q.n.,,2021-10-29,2026-03-24 15:58:17
140149,Snow Dance,,2022-01-07,2026-03-24 15:58:17
140150,Requiem Cataclysm,,2022-03-04,2026-03-24 15:58:17
140151,目が覚めた時,,2022-06-24,2026-03-24 15:58:17
140152,Pullin' Me Down (To The 90's Groove),,2022-06-24,2026-03-24 15:58:17
140153,bring me to life,,2022-06-24,2026-03-24 15:58:17
140154,Escape,,2022-07-29,2026-03-24 15:58:17
140155,Echoes of the Night,,2022-07-29,2026-03-24 15:58:17
140156,星相运轨-The End of Time-,,2022-07-29,2026-03-24 15:58:17
140157,Be With Me,,2022-07-29,2026-03-24 15:58:17
140158,核心共振,,2022-09-16,2026-03-24 15:58:17
140159,Treflux,,2022-11-11,2026-03-24 15:58:17
140160,First Date (feat. Ei),,2022-11-11,2026-03-24 15:58:17
140161,iΓ-f ǝRric,,2022-11-11,2026-03-24 15:58:17
140162,Give It To Me,,2023-01-21,2026-03-24 15:58:17
140163,Bad Gateway,,2023-04-07,2026-03-24 15:58:17
140164,怪逢,,2023-04-07,2026-03-24 15:58:17
140165,EulcRa,,2023-04-07,2026-03-24 15:58:17
140166,FurukuNeon,,2023-05-19,2026-03-24 15:58:17
140167,衝天のグラディウス,,2023-05-19,2026-03-24 15:58:17
140168,Revelation,,2023-05-19,2026-03-24 15:58:17
140169,INFiNiTE ENERZY -Overdoze-,,2023-05-19,2026-03-24 15:58:17
140170,Eternal Sunshine,,2023-05-19,2026-03-24 15:58:17
140171,OiL-CAD-OiL,,2024-03-31,2026-03-24 15:58:17
140172,Glamorous,,2024-08-16,2026-03-24 15:58:17
140173,STARDUST,,2024-08-16,2026-03-24 15:58:17
140174,Omega,,2024-08-16,2026-03-24 15:58:17
150001,Pastel Lines,,2022-12-15,2026-03-24 15:58:17
150002,Gleam feat.ふわまろ,,2022-12-15,2026-03-24 15:58:17
150003,Power Attack,,2022-12-15,2026-03-24 15:58:17
150004,Skyscape,,2022-12-15,2026-03-24 15:58:17
150005,On And On!!,,2022-12-15,2026-03-24 15:58:17
150006,Polygons,,2022-12-15,2026-03-24 15:58:17
150007,Abgrund,,2022-12-15,2026-03-24 15:58:17
150008,Journey To The Rainbows,,2022-12-15,2026-03-24 15:58:17
150009,Midnight Flux,,2022-12-15,2026-03-24 15:58:17
150010,NO ONE YES MAN,,2022-12-15,2026-03-24 15:58:17
150011,Clock Paradox,,2022-12-15,2026-03-24 15:58:17
150012,F℟IEND,,2022-12-15,2026-03-24 15:58:17
150013,Shattered,,2022-12-15,2026-03-24 15:58:17
150014,Swing Sweet Twee Dance feat.ななきなな,,2022-12-15,2026-03-24 15:58:17
150015,V!rtuaresort,,2022-12-15,2026-03-24 15:58:17
150016,Dice 20,,2022-12-15,2026-03-24 15:58:17
150017,macro.wav,,2022-12-15,2026-03-24 15:58:17
150018,The Next Arcady,,2022-12-15,2026-03-24 15:58:17
150019,Sakura Fubuki,,2022-12-15,2026-03-24 15:58:17
150020,Tempest,,2022-12-15,2026-03-24 15:58:17
150021,Authentic(Game ver.),,2022-12-15,2026-03-24 15:58:17
150022,MilK,,2022-12-15,2026-03-24 15:58:17
150023,ILLEGAL LEGACY,,2022-12-15,2026-03-24 15:58:17
150024,竹,,2022-12-15,2026-03-24 15:58:17
150025,R.I.P.,,2022-12-15,2026-03-24 15:58:17
150026,Empire,,2022-12-15,2026-03-24 15:58:17
150027,DropDown,,2022-12-15,2026-03-24 15:58:17
150028,Contact,,2022-12-15,2026-03-24 15:58:17
150029,CANDYLAND,,2022-12-15,2026-03-24 15:58:17
150030,Arcade ViruZ,,2022-12-15,2026-03-24 15:58:17
150031,LINK x LIN#S,,2023-01-20,2026-03-24 15:58:17
150032,LEONIDS,,2023-01-20,2026-03-24 15:58:17
150033,FORTALiCE,,2023-01-20,2026-03-24 15:58:17
150034,Paradial Resonator,,2023-04-10,2026-03-24 15:58:17
150035,Lavender Leaf (feat. Lexi),,2023-09-01,2026-03-24 15:58:17
150036,Puppet Show,,2023-11-10,2026-03-24 15:58:17
150037,Vicious Mockery,,2024-05-01,2026-03-24 15:58:17
150038,Dot-Line (feat.ななひら),,2024-07-26,2026-03-24 15:58:17
150039,光 (阿卡姆巫师 Remix),,2024-07-26,2026-03-24 15:58:17
150040,Lost Future,,2024-07-26,2026-03-24 15:58:17
150041,sAtElLites,,2024-09-20,2026-03-24 15:58:17
150042,Intruder,,2024-09-20,2026-03-24 15:58:17
150043,Rule The World,,2025-01-11,2026-03-24 15:58:17
150044,Turning POINT,,2023-04-10,2026-03-24 15:58:17
150045,Reversed Zenith,,2023-04-10,2026-03-24 15:58:17
150046,Restricted Access,,2023-04-10,2026-03-24 15:58:17
150047,The Last Page,,2023-07-07,2026-03-24 15:58:17
150048,Super Universe (Knighthood Remix),,2023-09-01,2026-03-24 15:58:17
150049,Enneaquest,,2023-09-15,2026-03-24 15:58:17
150050,Abiogenesis,,2023-09-29,2026-03-24 15:58:17
150051,Colorful Flavor,,2023-10-06,2026-03-24 15:58:17
150052,Revenant,,2023-10-06,2026-03-24 15:58:17
150053,Antler,,2023-10-13,2026-03-24 15:58:17
150054,Contortion,,2023-11-10,2026-03-24 15:58:17
150055,Bring Me Back,,2023-11-24,2026-03-24 15:58:17
150056,Hullbreaker,,2023-12-01,2026-03-24 15:58:17
150057,D-Birth,,2023-12-08,2026-03-24 15:58:17
150058,NightTheater,,2023-12-22,2026-03-24 15:58:17
150059,Grimheart,,2024-01-26,2026-03-24 15:58:17
150060,Encrux,,2024-03-22,2026-03-24 15:58:17
150061,slic.hertz,,2024-03-29,2026-03-24 15:58:17
150062,Giselle,,2024-04-05,2026-03-24 15:58:17
150063,Afterdark,,2024-05-17,2026-03-24 15:58:17
150064,蒼天(Sta's Key-Kai mix),,2024-05-24,2026-03-24 15:58:17
150065,Conway's Child,,2024-05-31,2026-03-24 15:58:17
150066,Crimsonate,,2024-06-21,2026-03-24 15:58:17
150067,Sthenno,,2024-06-28,2026-03-24 15:58:17
150068,Kaguya,,2024-07-05,2026-03-24 15:58:17
150069,Relieve,,2024-08-16,2026-03-24 15:58:17
150070,Alexandrite,,2024-08-25,2026-03-24 15:58:17
150071,Hydra,,2024-08-25,2026-03-24 15:58:17
150072,漂流,,2024-08-25,2026-03-24 15:58:17
150073,Comet Coaster,,2024-08-25,2026-03-24 15:58:17
150074,DOMINATOR,,2024-08-25,2026-03-24 15:58:17
150075,天灵灵地灵灵,,2024-08-25,2026-03-24 15:58:17
150076,Psychometry,,2024-10-25,2026-03-24 15:58:17
150077,Electric Comet,,2024-10-25,2026-03-24 15:58:17
150078,Eschatology,,2024-10-25,2026-03-24 15:58:17
150079,너를 그리는 밤하늘의 이야기 (Planetarium) prod. Scarlette,,2024-11-08,2026-03-24 15:58:17
150080,Avataar ~Reincarnation of Kalpa~,,2024-11-08,2026-03-24 15:58:17
150081,Frozen Heart,,2024-12-25,2026-03-24 15:58:17
150082,amethyst,,2025-01-28,2026-03-24 15:58:17
150083,Alfheim's faith,,2025-01-28,2026-03-24 15:58:17
150084,翠杜,,2025-01-28,2026-03-24 15:58:17
150085,BRAVE：ROAD,,2024-05-03,2026-03-24 15:58:17
